neutral;19.07.2016 09:21;   will there be a trailer for Arrow S5 this year at SDCC ?!?;[{u'indices': [71, 77], u'text': u'Arrow'}, {u'indices': [94, 99], u'text': u'SDCC'}]
negativ;19.07.2016 10:15;   Yep. He's definitely at SDCC. Biggest stage to pimp his shit show now.;[]
positiv;19.07.2016 09:45;  Can't wait to hear wtf Jatan says at SDCC. Perfect venue for him to add to the bait lowered down at DD Con.;[]
neutral;19.07.2016 09:27;  I can see it. Things to ask him should be be at sdcc;[{u'indices': [78, 83], u'text': u'sdcc'}]
positiv;19.07.2016 09:20; (Schneider Ngoma) - SDCC Release soon... Don't miss this one! ;[{u'indices': [30, 35], u'text': u'SDCC'}]
neutral;19.07.2016 10:06; can you ask in the TVD press at SDCC if Steroline will have any ride in Stefan's motorbike next season? thanks!;[]
neutral;19.07.2016 10:02; could you ask at SDCC, in the TVD press, if Stefan can dress up as Santa Claus for Caroline's twins? Thank you;[]
neutral;19.07.2016 10:06; could you ask if Steroline will ever have a snow kiss if you interview the TVD cast and crew at SDCC? Thank you!;[]
neutral;19.07.2016 10:07; could you ask the TVD cast and Julie about the Steroline June wedding at SDCC?;[]
neutral;19.07.2016 09:55; Flash WBSDCC SDCC;[{u'indices': [20, 27], u'text': u'WBSDCC'}, {u'indices': [28, 33], u'text': u'SDCC'}]
neutral;19.07.2016 10:02; hi! Are you covering TVD press at SDCC? Could you ask if a Steroline June wedding and a proposal at the cabin is possible?;[]
neutral;19.07.2016 10:06; hi! If you cover TVD at SDCC, could you ask if we'll see Stefan taking Caroline to the falls someday? thanks!;[]
neutral;19.07.2016 10:01; hi! Please ask Paul/ Candice/Julie at SDCC about any Steroline scene coming up in the first episodes of TVD S8;[]
negativ;19.07.2016 10:08;" I feel ya, AND get no sleep for the next week :/ 
But.....it's worth it!! sdcc2016 ";[{u'indices': [89, 98], u'text': u'sdcc2016'}]
neutral;19.07.2016 10:02; if you cover TVD press at SDCC, can you ask if we'll ever see Steroline watching The Notebook or Friends please? haha;[]
neutral;19.07.2016 09:32; I'm trying to find a little more info about the deadpool Blu-ray at sdcc, mostly price and any special restrictions or lines.;[]
negativ;19.07.2016 09:59; LMAO MEEEEEEEE i had to finally get off my ass to unpack cause i have to pack to go down to sd for comic con (but not rly sdcc);[]
neutral;19.07.2016 09:25; Martin, where did you get the inspiration for Jane's character and why did you choose Jaimie for the role?SDCC Blindspot;[{u'indices': [121, 126], u'text': u'SDCC'}, {u'indices': [127, 137], u'text': u'Blindspot'}]
neutral;19.07.2016 10:14; over to SDCC;[]
neutral;19.07.2016 10:04; please ask about the SterolineJuneWedding at SDCC if you interview TVD cast and crew!;[{u'indices': [37, 58], u'text': u'SterolineJuneWedding'}]
positiv;19.07.2016 09:49; Ready for SDCC?! Can't wait to see you!;[]
neutral;19.07.2016 09:56; SDCC shirt? I think so although they may have required pre-order. I will investigate for you!;[]
positiv;19.07.2016 10:04; SDCC TMNT brilliant yes please - kids would love these Rted ;[{u'indices': [10, 15], u'text': u'SDCC'}, {u'indices': [16, 21], u'text': u'TMNT'}]
neutral;19.07.2016 10:30; the Joker might be saying something there ;[]
positiv;19.07.2016 10:00; the SDCC is a whole new world - so.... DUH!;[]
positiv;19.07.2016 09:22; this is so EXCITING! DCTV;[{u'indices': [45, 50], u'text': u'DCTV'}]
neutral;19.07.2016 09:37;" Well if you HAD been... please amend your initial tweet with track no and timestamp.

Endure SDCC. Talk when you resurface?";[]
neutral;19.07.2016 09:59; what days are you gonna be at SDCC;[]
neutral;19.07.2016 10:31; Wish I was going to SDCC so we could hang.;[]
neutral;19.07.2016 10:18;[NEWS E ANTEPRIME] TOYNAMI: STEALTH VOLTRON EX. SDCC 2016 ;[]
neutral;19.07.2016 09:35;[Promobricks] SDCC 2016: Ray Palmer alias The Atom LEGO Minifigur vorgestellt  BrickRSS LEGO;[{u'indices': [102, 111], u'text': u'BrickRSS'}, {u'indices': [112, 117], u'text': u'LEGO'}]
positiv;19.07.2016 09:54;Adding little details to the axe earlier today! Taking a 5hour nap then it's back to work for SDCC!! ONE MORE DAY ;[]
positiv;19.07.2016 09:53;Almost flight time. SDCC, here I come!;[]
neutral;19.07.2016 09:39;and the journey begins to sdcc  currently at Manchester Airport ;[{u'indices': [26, 31], u'text': u'sdcc'}]
neutral;19.07.2016 09:22;Andrea Roth  Entertainment Weeklys SDCC 2015 Celebration  AndreaRoth;[{u'indices': [81, 92], u'text': u'AndreaRoth'}]
negativ;19.07.2016 10:04;Another year another SDCC I can't attend.;[]
positiv;19.07.2016 09:32;At the airport heading to sdcc im so ready. SDCC2016;[{u'indices': [44, 53], u'text': u'SDCC2016'}]
negativ;19.07.2016 09:27;BITCH!!!!! ;[]
neutral;19.07.2016 09:22;Boarding a plane on my way to LA then on to SDCC2016;[{u'indices': [44, 53], u'text': u'SDCC2016'}]
neutral;19.07.2016 10:01;BRUH ;[]
positiv;19.07.2016 10:22;By the power of Grayskull!! Childhoodnostalgia Heman ;[{u'indices': [28, 47], u'text': u'Childhoodnostalgia'}, {u'indices': [48, 54], u'text': u'Heman'}]
neutral;19.07.2016 10:03;Calm before the storm. sdcc2016 sandiego ;[{u'indices': [23, 32], u'text': u'sdcc2016'}, {u'indices': [33, 42], u'text': u'sandiego'}]
negativ;19.07.2016 10:28;cant believe ill be missing out on this year's sdcc :-((;[]
negativ;19.07.2016 10:15;Complimentary second bag check for the win. Especially when it's probably overweight and oversized.... flying SDCC;[{u'indices': [103, 110], u'text': u'flying'}, {u'indices': [111, 116], u'text': u'SDCC'}]
negativ;19.07.2016 09:33;Couldn't sleep for shit insomnia and excitement got to me. Was up planning a budget and I'm sure it won't happen. SDCC SDCC2016;[{u'indices': [114, 119], u'text': u'SDCC'}, {u'indices': [120, 129], u'text': u'SDCC2016'}]
neutral;19.07.2016 10:21;'DC Comics Lil' Bombshells' From Cryptozoic on Sale at SDCC -  ;[]
neutral;19.07.2016 09:44;Erin Richards - Gotham Press Line During SDCC 2015  ErinRichards;[{u'indices': [75, 88], u'text': u'ErinRichards'}]
neutral;19.07.2016 09:23;"Exclusive CaptainAmerica The First Avenger &amp; AntMan posters  at SDCC this week.  ";[{u'indices': [10, 25], u'text': u'CaptainAmerica'}, {u'indices': [50, 57], u'text': u'AntMan'}, {u'indices': [70, 75], u'text': u'SDCC'}]
negativ;19.07.2016 10:29;Finally boarding my first flight to SDCC. Btw, did I mention I hate flying? *deep breath* It'll be ok. ;[{u'indices': [36, 41], u'text': u'SDCC'}]
neutral;19.07.2016 10:14;Futurama Robot Santa Bender 2  Action Figures Two Pack Comic Con 08 SDCC   futurama;[{u'indices': [98, 107], u'text': u'futurama'}]
neutral;19.07.2016 09:26;GeofDarrow x ThreeA in 2017! LTD Edition Poster available at SDCC Booth 734. Details:  ;[{u'indices': [0, 11], u'text': u'GeofDarrow'}, {u'indices': [14, 21], u'text': u'ThreeA'}, {u'indices': [63, 68], u'text': u'SDCC'}]
positiv;19.07.2016 10:32;Gorgeous! ;[]
neutral;19.07.2016 09:57;HarleyQuinn Invades SDCC 1 CGC 9.8 SS Blue RRP Sketch Variant Lot Signed 2014  ;[{u'indices': [0, 12], u'text': u'HarleyQuinn'}, {u'indices': [21, 26], u'text': u'SDCC'}]
neutral;19.07.2016 09:56;HE-MAN Masters of the Universe 1 Philip Tan Signed SDCC Sketch Variant 2012 MOTU  ;[{u'indices': [51, 56], u'text': u'SDCC'}]
neutral;19.07.2016 10:15;Hey  ha! ;[]
neutral;19.07.2016 09:56;"Hey Mike  this is what you need to be looking out for if you get to SDCC2016 &amp; say hi to Mr S from me! ";[{u'indices': [81, 90], u'text': u'SDCC2016'}]
neutral;19.07.2016 09:20;Hey, this year I'm going to SDCC! I have no table, but I'll sign at Marvel booth on Thursday 2:00-2:45 PM. Who's coming?;[]
neutral;19.07.2016 09:29;i claim  ;[]
positiv;19.07.2016 10:04;I entered to win an  SDCC prize pack! You can too: ;[{u'indices': [31, 36], u'text': u'SDCC'}]
negativ;19.07.2016 09:53;"I hate that I let SDCC get to me. I'm hoping that the camp I used to go to is no longer saying ""We can't allow a girl to join the boys trip""";[]
negativ;19.07.2016 10:23;I have no clue what I'm wearing to SDCC. Halp.;[]
neutral;19.07.2016 10:19;"ICYMI:  Green Arrow, Flash &amp; Supergirl to Appear on Conan at SDCC  ";[]
neutral;19.07.2016 10:19;"ICYMI: ICYMI:  Green Arrow, Flash &amp; Supergirl to Appear on Conan at SDCC  ";[]
neutral;19.07.2016 10:13;if you think i'm not going to watch the '66 Batman movie in order to prepare for sdcc, you're a fool.;[]
neutral;19.07.2016 09:27;"I'm at SDCC.
Life's great.
I saw the Justice League panel.
Entire cast was there.
It finishes and Zack Snyder walks up to the mic &amp; says:";[]
positiv;19.07.2016 09:23;"I'm excited to attend ""MTV Teen Wolf"" at Comic-Con 2016. Come with me?   SDCC";[{u'indices': [106, 111], u'text': u'SDCC'}]
positiv;19.07.2016 09:23;IM READY ;[]
positiv;19.07.2016 10:15;Intermediate group spin tonight at 7 at SDCC as usual, approx 50 km at steady pace, all welcome;[]
neutral;19.07.2016 10:00;Join us at SDCC this week for a number of special events with special guest Tsutomu Nihei (creator of BLAME! and... ;[]
neutral;19.07.2016 09:48;July 19, 2016 at 05:48AM  at Comic Con SDCC 7th Year as press  ;[{u'indices': [62, 67], u'text': u'SDCC'}]
neutral;19.07.2016 10:03;Leg one of my journey to SDCC2016 begins! Just got picked up by the car taking me to the airport;[{u'indices': [25, 34], u'text': u'SDCC2016'}]
neutral;19.07.2016 10:24;Lego SDCC DC Comics Ray Palmer ? The Atom ? Minifigure Exclusive is confirmend [Minifig Price Guide]  Lego;[{u'indices': [125, 130], u'text': u'Lego'}]
positiv;19.07.2016 10:02;Let's be friends at SDCC! Small press N-2! We have free things!sdcc sdcc2016 getN2it ;[{u'indices': [63, 68], u'text': u'sdcc'}, {u'indices': [69, 78], u'text': u'sdcc2016'}, {u'indices': [79, 87], u'text': u'getN2it'}]
neutral;19.07.2016 10:32;Magic of Myths (and that opportunist SkyJack) hit San Diego Comic Con! ;[]
neutral;19.07.2016 09:28;"Midnight Oil.
Wrapped SDCC commission. Aeon Flux. ";[]
neutral;19.07.2016 10:06;Mommy packs for SDCC. Catwoman catwomancosplay reevzfx mybitchykitty luna ;[{u'indices': [16, 21], u'text': u'SDCC'}, {u'indices': [23, 32], u'text': u'Catwoman'}, {u'indices': [33, 49], u'text': u'catwomancosplay'}, {u'indices': [50, 58], u'text': u'reevzfx'}, {u'indices': [59, 73], u'text': u'mybitchykitty'}, {u'indices': [74, 79], u'text': u'luna'}]
neutral;19.07.2016 09:58;Moose makes SDCC debut with Golden Jessicake ;[]
positiv;19.07.2016 09:27;morrilla selfie at sdcc is everything I need right now;[]
positiv;19.07.2016 09:22;nnnnnnnice! ;[]
positiv;19.07.2016 09:33;Not a bad room: sdcc ;[{u'indices': [16, 21], u'text': u'sdcc'}]
negativ;19.07.2016 09:22;oh crap SDCC is this weekend. so much for a day off.;[]
neutral;19.07.2016 10:30;"Oliver Stone to make his ComicCon debut with a screening of ""Snowden""  SDCC2016 ";[{u'indices': [25, 34], u'text': u'ComicCon'}, {u'indices': [95, 104], u'text': u'SDCC2016'}]
neutral;19.07.2016 09:25;On which day and time is the ouat panel at SDCC?;[]
neutral;19.07.2016 10:31;Pinback Bobble Patina Batman Funko Pop SDCC Exclusive  Store Mall;[{u'indices': [0, 8], u'text': u'Pinback'}, {u'indices': [9, 16], u'text': u'Bobble'}, {u'indices': [24, 31], u'text': u'Batman'}, {u'indices': [32, 38], u'text': u'Funko'}, {u'indices': [82, 88], u'text': u'Store'}, {u'indices': [89, 94], u'text': u'Mall'}]
neutral;19.07.2016 09:40;Pinback Bobble SDCC 2016 DOOMSDAY Superman V Batman Funko Pop Pre Order Guaranteed  Store Mall;[{u'indices': [0, 8], u'text': u'Pinback'}, {u'indices': [9, 16], u'text': u'Bobble'}, {u'indices': [47, 54], u'text': u'Batman'}, {u'indices': [55, 61], u'text': u'Funko'}, {u'indices': [111, 117], u'text': u'Store'}, {u'indices': [118, 123], u'text': u'Mall'}]
negativ;19.07.2016 10:20;Pro-tip: why wait until AFTER SDCC to get sick when you can just fly out of the Orlando airport and already feel physically exhausted!;[{u'indices': [30, 35], u'text': u'SDCC'}]
neutral;19.07.2016 10:25;Quick stop for Starbucks Quad espresso before the flight to SDCC. preflight;[{u'indices': [15, 25], u'text': u'Starbucks'}, {u'indices': [61, 66], u'text': u'SDCC'}, {u'indices': [68, 78], u'text': u'preflight'}]
positiv;19.07.2016 10:15;Really excited to be doing the Arrow press room at SDCC again this year. Send any Qs my way, Internet friends!;[{u'indices': [31, 37], u'text': u'Arrow'}, {u'indices': [52, 57], u'text': u'SDCC'}]
neutral;19.07.2016 09:31;"Retweeted Bill Sienkiewicz (

Midnight Oil.
Wrapped SDCC commission. Aeon Flux.  ";[]
neutral;19.07.2016 09:29;Rise and shine, humans. Time to begin the journey to SDCC2016! HasbroSDCC MTG lastminutepacking;[{u'indices': [53, 62], u'text': u'SDCC2016'}, {u'indices': [64, 75], u'text': u'HasbroSDCC'}, {u'indices': [76, 80], u'text': u'MTG'}, {u'indices': [81, 99], u'text': u'lastminutepacking'}]
neutral;19.07.2016 10:31;San Diego comic con bound! sdcc2016 sdcc sandiegocomiccon ;[{u'indices': [27, 36], u'text': u'sdcc2016'}, {u'indices': [37, 42], u'text': u'sdcc'}, {u'indices': [43, 60], u'text': u'sandiegocomiccon'}]
neutral;19.07.2016 10:04;SDCC 2016 Comic-Con 5 days Wed-Sunday Convention Center Parking Voucher:  C $325.06End Date: Monday...  Deals_CA;[{u'indices': [127, 136], u'text': u'Deals_CA'}]
neutral;19.07.2016 09:40;"SDCC 2016 NECA Aliens 30th Anniversary Newt action figure 7"", limited exclusive  ";[]
neutral;19.07.2016 10:26;SDCC 2016 SDCC Exclusive Mattel DC Super Hero Girls KATANA Doll Figure *Pre-Sale!* ;[{u'indices': [0, 5], u'text': u'SDCC'}]
neutral;19.07.2016 10:00;"SDCC 2016: Broadcast Thought's Breaking Badder &amp; ""Crazy"" Talk sdcc sdcc2016 ";[{u'indices': [66, 71], u'text': u'sdcc'}, {u'indices': [72, 81], u'text': u'sdcc2016'}]
neutral;19.07.2016 10:25;SDCC 2016: Ray Palmer alias The Atom LEGO Minifigur vorgestellt [Promobricks]  Lego ;[{u'indices': [102, 107], u'text': u'Lego'}]
neutral;19.07.2016 09:29;SDCC commission Aeon Flux 11x17 (28x43cm) watercolor ;[]
positiv;19.07.2016 09:47;SDCC here we come!! SanDiegoComicCon  ComicCon2016 ;[{u'indices': [0, 5], u'text': u'SDCC'}, {u'indices': [21, 38], u'text': u'SanDiegoComicCon'}, {u'indices': [40, 53], u'text': u'ComicCon2016'}]
neutral;19.07.2016 10:24;SDCC Hotel Room Share available at Marriott Marquis Marina. Looking for 1-2 more ppl $365 to $300 for 4 nights Wed to Sunday. DM us today.;[{u'indices': [0, 5], u'text': u'SDCC'}]
neutral;19.07.2016 09:51;"SDCC Toynami Futurama Destructor &amp; Bender Gender Boxed Set Limited Edition 2013   futurama";[{u'indices': [109, 118], u'text': u'futurama'}]
neutral;19.07.2016 09:50;SDCC: DK Authors' Schedule: Click through for details on DK's panels and signings at this years San Diego Comic Con. ;[]
negativ;19.07.2016 09:44;Shit shit shiiiiiiiiit all these sdcc updates and I'm in public and I wanna either cry or scream oh my gooooooooooood;[]
neutral;19.07.2016 09:47;Signing off from London. Headed now to SDCC where I'll be signing at DK's Star Wars booth! ;[{u'indices': [39, 44], u'text': u'SDCC'}]
positiv;19.07.2016 09:34;So Im doing 5 mins  tonight.... I feel like I want to lay into sdcc like a fanboy! HALL H IS FOR PUSSIES!!!;[{u'indices': [78, 83], u'text': u'sdcc'}]
positiv;19.07.2016 10:30;Some pretty outstanding memories are made during SDCC. See which ones made our best list:  ;[{u'indices': [49, 54], u'text': u'SDCC'}]
neutral;19.07.2016 09:59;'Star Trek Beyond' and SDCC 2016 are coming, Pokemon Go gets big (CNET's Open_Tab Ep. 7 show notes)  tech news;[{u'indices': [124, 129], u'text': u'tech'}, {u'indices': [130, 135], u'text': u'news'}]
neutral;19.07.2016 10:03;Star Wars may be skipping out on SDCC2016 but this dork right here sure isn't ;[{u'indices': [33, 42], u'text': u'SDCC2016'}]
neutral;19.07.2016 09:27;Supernatural always SPN ;[{u'indices': [20, 24], u'text': u'SPN'}]
positiv;19.07.2016 10:21;Thanks guys! ;[]
neutral;19.07.2016 09:42;That's aaalllotttaaaa ink, baby. ;[]
positiv;19.07.2016 09:44;The adventure begins as we head to SDCC2016  thanks to  I have some inflight reading! ;[{u'indices': [35, 44], u'text': u'SDCC2016'}]
neutral;19.07.2016 10:09;"The BatmanvSupermanDawnofJustice Experience will be at ComicCon
DCEU SDCC SDCC2016 Superman HenryCavill ";[{u'indices': [4, 33], u'text': u'BatmanvSupermanDawnofJustice'}, {u'indices': [56, 65], u'text': u'ComicCon'}, {u'indices': [66, 71], u'text': u'DCEU'}, {u'indices': [72, 77], u'text': u'SDCC'}, {u'indices': [78, 87], u'text': u'SDCC2016'}, {u'indices': [88, 97], u'text': u'Superman'}, {u'indices': [98, 110], u'text': u'HenryCavill'}]
neutral;19.07.2016 10:24;The journey to San Diego begins! sandiego sdcc ;[{u'indices': [33, 42], u'text': u'sandiego'}, {u'indices': [43, 48], u'text': u'sdcc'}]
neutral;19.07.2016 09:37;The KongSkullIsland panel happens at SDCC in FOUR days! ThisIsNotADrill;[{u'indices': [4, 20], u'text': u'KongSkullIsland'}, {u'indices': [38, 43], u'text': u'SDCC'}, {u'indices': [58, 74], u'text': u'ThisIsNotADrill'}]
neutral;19.07.2016 09:26;The latest 3MY Digital Comics Social!  Thanks to    dcsdcc sdcc2016;[{u'indices': [113, 120], u'text': u'dcsdcc'}, {u'indices': [121, 130], u'text': u'sdcc2016'}]
neutral;19.07.2016 09:28;The latest The Action Figures Daily!  Thanks to    sdcc ghostbusters;[{u'indices': [109, 114], u'text': u'sdcc'}, {u'indices': [115, 128], u'text': u'ghostbusters'}]
negativ;19.07.2016 10:10;The voyage to SDCC has begun. En route to Newark Airport. Haven't slept since 8am yesterday.;[{u'indices': [14, 19], u'text': u'SDCC'}]
neutral;19.07.2016 10:03;These are our TSA security line faces! San Diego here we come! sdcc2016 ITMODcon ;[{u'indices': [63, 72], u'text': u'sdcc2016'}, {u'indices': [73, 82], u'text': u'ITMODcon'}]
positiv;19.07.2016 09:30;This man is still one of my favourite comic book artists of all times. ;[]
neutral;19.07.2016 09:31;This SDCC rumour about Batwoman and Oracle being in Supergirl Season 2 sounds like a back-door pilot for a Birds Of Prey show...;[{u'indices': [5, 10], u'text': u'SDCC'}]
neutral;19.07.2016 09:35;Today on EWML (8am ET) it's time for our official SDCC2016 preview! Plus, StarTrekBeyond's  ;[{u'indices': [50, 59], u'text': u'SDCC2016'}, {u'indices': [75, 90], u'text': u'StarTrekBeyond'}]
neutral;19.07.2016 10:31;TouchArcade wrote, 'BATMAN - The Telltale Series' Releases in August, Game to Be Shown for the First Time at ... ;[]
neutral;19.07.2016 10:16;Up and at 'em ! Time to fly to Whale's Vagina (San Diego)! SDCC2016 SDCC;[{u'indices': [59, 68], u'text': u'SDCC2016'}, {u'indices': [69, 74], u'text': u'SDCC'}]
positiv;19.07.2016 10:13;Very excited for everyone attending SDCC this week, have fun, be safe, hydrate.;[]
neutral;19.07.2016 10:02;Vote Klaroline , 11 hours left ! ;[]
neutral;19.07.2016 10:01;What should I ask the  SDCC cast JoshHolloway SarahWayneCallies  PeterJacobso  ColonyUSA;[{u'indices': [33, 38], u'text': u'SDCC'}, {u'indices': [44, 57], u'text': u'JoshHolloway'}, {u'indices': [58, 76], u'text': u'SarahWayneCallies'}, {u'indices': [91, 104], u'text': u'PeterJacobso'}, {u'indices': [118, 128], u'text': u'ColonyUSA'}]
negativ;19.07.2016 09:53;would give my left leg to be at SDCC2016 this weekend;[{u'indices': [32, 41], u'text': u'SDCC2016'}]
positiv;19.07.2016 09:40;WOW!!! Look!   ;[]
positiv;19.07.2016 09:30;Wow. Stunning work, as ever. ;[]
neutral;19.07.2016 09:56;Writer friends, who am I seeing at SDCC FB;[{u'indices': [35, 40], u'text': u'SDCC'}, {u'indices': [41, 44], u'text': u'FB'}]
neutral;19.07.2016 10:00;YA Author Appearances and Signings at SDCC -  ;[{u'indices': [38, 43], u'text': u'SDCC'}]
positiv;19.07.2016 09:35;You guys want to look at, and get awesome original art? Go see  during the SDCC ! ;[{u'indices': [87, 92], u'text': u'SDCC'}]
positiv;20.07.2016 04:13;   fandomcc sdcc im all about the teenage mutant ninja turtles;[{u'indices': [34, 43], u'text': u'fandomcc'}, {u'indices': [44, 49], u'text': u'sdcc'}]
positiv;20.07.2016 04:10;   if i get lucky and get in, I will do :-);[]
neutral;20.07.2016 04:08;   It's like he knows you or something. LOL;[]
neutral;20.07.2016 04:21;" - dude... sdcc &amp; doubledare - you complete me. How do I get slimed on Friday? I have my helmet and goggles ready!";[{u'indices': [20, 25], u'text': u'sdcc'}, {u'indices': [32, 43], u'text': u'doubledare'}]
negativ;20.07.2016 04:27;  I almost got in a fight at a MyLittlePony CON. No way they'll let me in at SDCC2016;[{u'indices': [54, 67], u'text': u'MyLittlePony'}, {u'indices': [101, 110], u'text': u'SDCC2016'}]
positiv;20.07.2016 04:21;  I hope to get a seat! Very excited to attend. SDCC2016;[{u'indices': [71, 80], u'text': u'SDCC2016'}]
neutral;20.07.2016 04:02;  i know you were all joking, but yes... I am going to SDCC on Friday. Friday only though.;[]
neutral;20.07.2016 04:14;  I need to go to SDCC one year soon;[{u'indices': [46, 51], u'text': u'SDCC'}]
positiv;20.07.2016 04:10;  ready for an awesome week of shows.  SDCC2016;[{u'indices': [60, 69], u'text': u'SDCC2016'}]
negativ;20.07.2016 04:20;  So jealous. Wish you could fit me in your suitcase and take me to SDCC;[]
positiv;20.07.2016 04:29;  Yay! You are already on my List of People to See. (No, I really have an actual list.) SDCC friends;[{u'indices': [112, 117], u'text': u'SDCC'}, {u'indices': [118, 126], u'text': u'friends'}]
neutral;20.07.2016 04:15; ~ sale for SDCC?;[]
neutral;20.07.2016 04:01; allthethings you need to know!   ;[{u'indices': [17, 30], u'text': u'allthethings'}]
positiv;20.07.2016 04:19; Amanda says the same thing. We've never been to SDCC but would love to go at least once. Have you been before?;[]
neutral;20.07.2016 04:25; angie vote for Klaroline too ;[]
neutral;20.07.2016 04:06; are you guys at a specific booth at sdcc this year?;[]
neutral;20.07.2016 04:10;" between this &amp;   you wonder what won't be won't be streamed ";[]
neutral;20.07.2016 04:24;" cyn I came to collect 
";[]
positiv;20.07.2016 04:12; has your chance to win San Diego Comic-Con International Passes.  comiccon SDCC2016 ;[{u'indices': [77, 86], u'text': u'comiccon'}, {u'indices': [87, 96], u'text': u'SDCC2016'}]
neutral;20.07.2016 04:29; hi no I won't be at sdcc.  Sorry. I'm also out of stock on older gig;[]
neutral;20.07.2016 04:27; hope I'm not bothering...but Jared offer is still on the table...Happy SDCC;[]
neutral;20.07.2016 03:59; I was slightly upset that they didn't have 2 and 3... but I'm going to SDCC so I plan on getting ALL THE REST. HAHA.;[]
neutral;20.07.2016 04:11; it 9:10 im going to sleep ready for SDCC tomorrow;[]
neutral;20.07.2016 04:18; It's been 84 years since I was at a SDCC past pre-party;[]
negativ;20.07.2016 04:10; it's just another reason ComicCon needs to leave San Diego. It could be so much better. SDCC2016 ;[{u'indices': [29, 38], u'text': u'ComicCon'}, {u'indices': [93, 102], u'text': u'SDCC2016'}]
neutral;20.07.2016 04:06; KidCoulson is growing/moving Up lol SDCC;[{u'indices': [12, 23], u'text': u'KidCoulson'}, {u'indices': [49, 54], u'text': u'SDCC'}]
neutral;20.07.2016 03:59; lol it's ok i need to pack for sdcc. we land at 10:45ish;[]
positiv;20.07.2016 04:22; Looking forward to your coverage of sdcc this week!!;[{u'indices': [52, 57], u'text': u'sdcc'}]
negativ;20.07.2016 04:27; man am hating. Well hope we see a SDCC music video;[]
positiv;20.07.2016 04:16; Man, I'd love to get my hands on one of those, even if it wasn't signed! Have fun everyone lucky enough to attend SDCC!;[{u'indices': [127, 132], u'text': u'SDCC'}]
neutral;20.07.2016 03:59; OH I made a typo so I deleted it. Toronto, Sept 1-4, the Canadian version of SDCC with only 3 celebrities;[]
neutral;20.07.2016 04:30; okay buy me tickets to SDCC2016 so I can go and get one, thx;[{u'indices': [40, 49], u'text': u'SDCC2016'}]
negativ;20.07.2016 04:17; on behalf of everyone at SDCC, both better be phenomenal after all this hype, Brad.;[]
neutral;20.07.2016 04:18; please vote stelena and  it so others can see. It's very important! ;[]
positiv;20.07.2016 04:18; r u gonna be at ComicCon SDCC2016 I'm there the whole time! V. Excited! scifi fantasy movies;[{u'indices': [29, 38], u'text': u'ComicCon'}, {u'indices': [39, 48], u'text': u'SDCC2016'}, {u'indices': [87, 93], u'text': u'scifi'}, {u'indices': [94, 102], u'text': u'fantasy'}, {u'indices': [103, 110], u'text': u'movies'}]
neutral;20.07.2016 04:05; so are you gonna be at SDCC? Or maybe can we expect a live reaction to the Sonic livestream Friday?;[]
positiv;20.07.2016 04:04;" so much D.Va., so much Junkrat, so much time going into fun &amp; stress relief, but SDCC is nigh upon you, can you feel the hype";[]
positiv;20.07.2016 04:17; sorry to hear you wont be at SDCC. A friend of yours bought a birthday present for you from CFX last year. Hope you enjoyed it!;[]
negativ;20.07.2016 04:21;" tweeted he's going.
 said he's going on Snapchat Can someone hug me, I just made a big mistake ";[]
positiv;20.07.2016 04:19; Wait. Gloat. Plot. I dunno, the beer idea sounds pretty good. (I miss SDCC!);[]
neutral;20.07.2016 04:16;" we put our main plans to Japan and Ax, sdcc if got budget ;w;";[]
positiv;20.07.2016 04:29; We've added  events! Hope we can be added to your wonderful SDCC2016 guide!  ;[{u'indices': [90, 99], u'text': u'SDCC2016'}]
neutral;20.07.2016 04:27; whats up with SDCC Fandom Fest?? :(;[]
neutral;20.07.2016 04:17; when you come down to San Diego for SDCC2016 Hit up Balboa Park, its Lit Baybeee!!! ;[{u'indices': [52, 61], u'text': u'SDCC2016'}]
neutral;20.07.2016 04:11;" Will you attend the ""Her Universe Fashion Show"" at SDCC to support ";[]
neutral;20.07.2016 04:16; will you be releasing all the  pins on preview night? sdcc;[{u'indices': [80, 85], u'text': u'sdcc'}]
positiv;20.07.2016 04:13; woot woot!! So very proud.  Next stop: 100k!! I'm looking forward to seeing you again at SDCC! XD;[]
neutral;20.07.2016 04:30; would it still be wise to still possibly expect a house announcement for this week (As SDCC2016 comes around...)?;[{u'indices': [101, 110], u'text': u'SDCC2016'}]
neutral;20.07.2016 04:22; You will break into song, correct? SDCC2016 ;[{u'indices': [45, 54], u'text': u'SDCC2016'}]
neutral;20.07.2016 04:07;"""Are Varys and Petyr really time travellers?"" ";[]
negativ;20.07.2016 04:01;.  Apparently it's time to embarrass ourselves at SDCC.;[{u'indices': [79, 84], u'text': u'SDCC'}]
neutral;20.07.2016 04:00;. fans this week at SDCC we will be interviewing the cast of iZombie! Be sure to tweet us all of your questions for them!;[{u'indices': [30, 35], u'text': u'SDCC'}, {u'indices': [72, 80], u'text': u'iZombie'}]
neutral;20.07.2016 04:12;. reveals new poster for LukeCage ahead of Comic Con:  SDCC2016 ;[{u'indices': [32, 41], u'text': u'LukeCage'}, {u'indices': [86, 95], u'text': u'SDCC2016'}]
neutral;20.07.2016 04:27;[Photographer] I will be at SDCC taking pictures of Cosplyers for Cosplay Culture Magazine at SDCC. viraltoday ;[{u'indices': [100, 111], u'text': u'viraltoday'}]
neutral;20.07.2016 04:06;2016 FUNKO EXCLUSIVE POP! DEADPOOL 117 COWBOY Thumbs Up! MARVEL SDCC ;[]
neutral;20.07.2016 04:23;23 hours after waking up...we arrive in San Diego sdcc;[{u'indices': [50, 55], u'text': u'sdcc'}]
positiv;20.07.2016 04:05;about time to start living vicariously through all my friends going to SDCC this year wooooooo;[]
neutral;20.07.2016 04:24;Added the sdcc luke cage poster to the marvel Netflix wall ;[]
neutral;20.07.2016 04:02;All day every day ;[]
positiv;20.07.2016 04:01;All done packing!! SDCC tomorrow holy cow!!;[]
neutral;20.07.2016 04:20;All packed and ready to go to SDCC Is it tomorrow yet? SDCC2016;[{u'indices': [30, 35], u'text': u'SDCC'}, {u'indices': [56, 65], u'text': u'SDCC2016'}]
negativ;20.07.2016 04:11;Also, you guys don't even know how much my heart hurts because I won't be at SDCC;[]
negativ;20.07.2016 04:07;AM I SERIOUSLY ALREADY SEEING TWEETS ABOUT SDCC2016 LINES? SERIOUSLY?;[{u'indices': [43, 52], u'text': u'SDCC2016'}]
neutral;20.07.2016 03:59;amandarighetti Please dear  some pics from SanDiego ComicCon2016 from me and All your fans kisses ;[{u'indices': [0, 15], u'text': u'amandarighetti'}, {u'indices': [60, 69], u'text': u'SanDiego'}, {u'indices': [70, 83], u'text': u'ComicCon2016'}]
neutral;20.07.2016 04:08;American friends, go hang with our boy  at SDCC! ;[]
positiv;20.07.2016 04:08;"And as always, it's your time at SDCC. So you come first &amp; anything you snag for me along the way will be greatly appreciated &lt;3 ";[]
negativ;20.07.2016 04:23;Anxiety levels building... Let's get this SDCC going so I can get on with the excitement and be done with with anticipation please!;[{u'indices': [42, 47], u'text': u'SDCC'}]
neutral;20.07.2016 04:01;"Archie might be a little meh; yet BettyVeronica are 4eva top shelf quality. betterwithage  SDCC2016 ";[{u'indices': [34, 48], u'text': u'BettyVeronica'}, {u'indices': [77, 91], u'text': u'betterwithage'}, {u'indices': [106, 115], u'text': u'SDCC2016'}]
neutral;20.07.2016 04:15;ARENT WE GETTING KORRASAMI NEWS A SDCC???? KZDNKANWslkndwkln;[]
neutral;20.07.2016 04:17;Ask Jason- Why is Finn dead yet Bellamy is still alive??  ;[]
neutral;20.07.2016 04:03;At SDCC2016 I'll have a new print at the  booth and do a signing. Can you guess which blurry one is mine? ;[{u'indices': [3, 12], u'text': u'SDCC2016'}]
positiv;20.07.2016 04:23;Beautiful downtown San Diego, drink it in... sdcc2016  San Diego, California ;[{u'indices': [45, 54], u'text': u'sdcc2016'}]
negativ;20.07.2016 04:08;Been to like the last 8 or 9 sdcc's. Totally fine not going this year.;[]
neutral;20.07.2016 04:21;Bringing back POGS at SDCC2016 poshcaps 90skid table Aa-21 in Artist Alley! ;[{u'indices': [14, 19], u'text': u'POGS'}, {u'indices': [23, 32], u'text': u'SDCC2016'}, {u'indices': [33, 42], u'text': u'poshcaps'}, {u'indices': [43, 50], u'text': u'90skid'}]
positiv;20.07.2016 04:03;Calling it a night here in beautiful San Diego gotta wake up early for the  PN Breakfast meet-up, then CONAN! SDCC HYPE;[{u'indices': [123, 128], u'text': u'SDCC'}, {u'indices': [129, 134], u'text': u'HYPE'}]
positiv;20.07.2016 04:29;Can't Wait for GameOfBloggers  tomorrow night at the SDCC !;[{u'indices': [15, 30], u'text': u'GameOfBloggers'}, {u'indices': [54, 59], u'text': u'SDCC'}]
positiv;20.07.2016 04:04;Can't wait for preview night tomorrow! Come get all your Grunt 1B Comics from me in Small Press table Q8! ComicCon2016 SDCC2016;[{u'indices': [106, 119], u'text': u'ComicCon2016'}, {u'indices': [120, 129], u'text': u'SDCC2016'}]
positiv;20.07.2016 04:24;Can't wait til tomorrow night! StarTrekBeyond SDCC  ;[{u'indices': [31, 46], u'text': u'StarTrekBeyond'}, {u'indices': [47, 52], u'text': u'SDCC'}]
positiv;20.07.2016 04:22;Can't wait to get to ComicCon. I'll be looking for LukeCage: 18 best events to watch out for at SDCC2016. ;[{u'indices': [51, 60], u'text': u'LukeCage'}, {u'indices': [97, 106], u'text': u'SDCC2016'}]
neutral;20.07.2016 04:00;Castlevania Vinyl OST dtopping by Mondo for SDCC: ;[]
neutral;20.07.2016 04:01;check it ;[]
neutral;20.07.2016 04:19;"Check our SDCC2016 comicon2016  Pregame podcast .We also have special guests from Evo2016
@Relay_s 
@Hypers
";[{u'indices': [10, 19], u'text': u'SDCC2016'}, {u'indices': [20, 32], u'text': u'comicon2016'}, {u'indices': [42, 50], u'text': u'podcast'}, {u'indices': [85, 93], u'text': u'Evo2016'}]
neutral;20.07.2016 04:00;Check out this all-female comic book team who are producing a rad comic series called HEX11 SDCC SDCC2016 ;[{u'indices': [92, 97], u'text': u'SDCC'}, {u'indices': [98, 107], u'text': u'SDCC2016'}]
neutral;20.07.2016 04:26;Check this out!!! Because, Vamp! Duh xoxox SDCC2016 ;[{u'indices': [33, 37], u'text': u'Duh'}, {u'indices': [44, 53], u'text': u'SDCC2016'}]
positiv;20.07.2016 04:12;"Checked into  for the 6th year in a row! Can't imagine SDCC anywhere else... Thx to Bonnie &amp; Stephanie for their kind service!";[{u'indices': [68, 73], u'text': u'SDCC'}]
neutral;20.07.2016 04:21;Cnet tweeted:;[]
neutral;20.07.2016 04:12;Come on, SErs! VOTE! ;[]
positiv;20.07.2016 04:06;Come see us today and get free things! Small press N-2! sdcc sdcc2016 getN2it ;[{u'indices': [56, 61], u'text': u'sdcc'}, {u'indices': [62, 71], u'text': u'sdcc2016'}, {u'indices': [72, 80], u'text': u'getN2it'}]
neutral;20.07.2016 04:24;Comic Con San Diego: Hiring 6 Super Heroines to host Re-Charge Lounge at 5 Star Hotel right outside SDCC... ;[]
neutral;20.07.2016 03:58;Comics - 'Vixen' Season 2 Sets 'Legends of Tomorrow' Cast (And a Surprise Return) [SDCC 2016] ;[{u'indices': [0, 7], u'text': u'Comics'}]
neutral;20.07.2016 04:19;CONTEST KNSJcomiconcontest  KNSJSanDiego SDCC SDCC2016 cosplay comiccon KNSJfmSanDiego   ;[{u'indices': [8, 27], u'text': u'KNSJcomiconcontest'}, {u'indices': [29, 42], u'text': u'KNSJSanDiego'}, {u'indices': [43, 48], u'text': u'SDCC'}, {u'indices': [49, 58], u'text': u'SDCC2016'}, {u'indices': [59, 67], u'text': u'cosplay'}, {u'indices': [68, 77], u'text': u'comiccon'}, {u'indices': [78, 93], u'text': u'KNSJfmSanDiego'}]
neutral;20.07.2016 04:13;DC Universe SDCC Exclusive Lobo ;[]
neutral;20.07.2016 04:23;DEFamily don't forget to vote here to get some scoop at SDCC ! ;[{u'indices': [0, 9], u'text': u'DEFamily'}]
negativ;20.07.2016 04:27;delena bc I hate both of them. Stefan can nut all in this pus- ;[]
neutral;20.07.2016 04:04;Do you think Marvel will announce that Fantastic Four reverted back to Marvel at SDCC?;[]
neutral;20.07.2016 04:15;does anyone know if scream will be a sdcc?;[]
negativ;20.07.2016 04:21;Doing the final check list for SDCC, no matter how many times I've done this I never feel ready XD;[]
positiv;20.07.2016 04:13;"Enter to WIN SDCC exclusives from     
ENTER:  ";[{u'indices': [13, 18], u'text': u'SDCC'}]
neutral;20.07.2016 04:11;Episode schedule will be funky this week. One of us has quals and another of us has SDCC, so we'll see what happens.;[{u'indices': [84, 89], u'text': u'SDCC'}]
neutral;20.07.2016 04:17;"EPS 68 with   is live! BatmanBeyond TheKillingJoke BatmanTheAnimatedSeries 
 
";[{u'indices': [46, 59], u'text': u'BatmanBeyond'}, {u'indices': [60, 75], u'text': u'TheKillingJoke'}, {u'indices': [76, 100], u'text': u'BatmanTheAnimatedSeries'}]
negativ;20.07.2016 04:01;Every day I work on something. Even days off aren't really days off. I'm at SDCC tmrw-Sun. If you need me, fuck off! I'm on vacation. :);[{u'indices': [76, 81], u'text': u'SDCC'}]
neutral;20.07.2016 04:11;Figured out my routes to press conference locations and the convention center itself today. Here we go...SDCC2016;[{u'indices': [105, 114], u'text': u'SDCC2016'}]
neutral;20.07.2016 04:18;Finished my Batman Telltale Games video. Uploading now! SDCC  ;[{u'indices': [12, 19], u'text': u'Batman'}, {u'indices': [57, 62], u'text': u'SDCC'}]
negativ;20.07.2016 04:08;"For those attending  , a public service announcement.
Please don't let this be a reality. SDCC2016 SDCC ";[{u'indices': [100, 109], u'text': u'SDCC2016'}, {u'indices': [110, 115], u'text': u'SDCC'}]
neutral;20.07.2016 04:10;For those who have to live vicariously: Comic-Con 2016 Preview: 20+ Images from The Streets of SDCC    ;[]
neutral;20.07.2016 04:10;FYI we're premiering 2  sdcc posters on  tomorrow morning.;[{u'indices': [34, 39], u'text': u'sdcc'}]
neutral;20.07.2016 04:07;gameofthrones banner sdcc halloffaces noone  San Diego Convention Center ;[{u'indices': [21, 26], u'text': u'sdcc'}, {u'indices': [27, 39], u'text': u'halloffaces'}, {u'indices': [40, 46], u'text': u'noone'}]
neutral;20.07.2016 04:13;Getting ready for Comic Con. Avatar State! Yip Yip! ComicCon SDCC2016 ;[{u'indices': [52, 61], u'text': u'ComicCon'}, {u'indices': [62, 71], u'text': u'SDCC2016'}]
negativ;20.07.2016 04:15;Getting ready to go to SDCC2016 (Comic Con). It's work, folks. Really, its work, seriously. I'm not being comical about it.;[{u'indices': [23, 32], u'text': u'SDCC2016'}]
neutral;20.07.2016 04:03;Going full tilt on that IntoTheBadlands theme for sdcc sdcc2016 ;[{u'indices': [24, 40], u'text': u'IntoTheBadlands'}, {u'indices': [51, 56], u'text': u'sdcc'}, {u'indices': [57, 66], u'text': u'sdcc2016'}]
neutral;20.07.2016 04:05;Gonna go ahead, cling to a technicality and claim this makes my third book released this summer. Go Summer '16! ;[]
positiv;20.07.2016 04:11;Good show, ladies! 12Monkeys aftershows are done for the year, but we're coming back next wk with SDCC-talk!  blab;[{u'indices': [19, 29], u'text': u'12Monkeys'}, {u'indices': [134, 139], u'text': u'blab'}]
positiv;20.07.2016 04:21;Goodnight San Diego. Tomorrow...the fun begins. SDCC2016 SDCC ;[{u'indices': [48, 57], u'text': u'SDCC2016'}, {u'indices': [58, 63], u'text': u'SDCC'}]
neutral;20.07.2016 04:27;GOT at SDCC2016!? We're PubofThrones in league with     ;[{u'indices': [0, 4], u'text': u'GOT'}, {u'indices': [8, 17], u'text': u'SDCC2016'}, {u'indices': [26, 39], u'text': u'PubofThrones'}]
positiv;20.07.2016 04:23;"Had to watch the first episode of Puzzle &amp; Dragons before heading up to SDCC! Loved it!  and  are great! ";[{u'indices': [76, 81], u'text': u'SDCC'}]
neutral;20.07.2016 04:07;Hands up if your SDCC party has a nap room. That's how I'm prioritizing my time in San Diego.;[{u'indices': [17, 22], u'text': u'SDCC'}]
neutral;20.07.2016 04:00;Headed to SDCC? The Crystal Crypt will be kicking off the Sci Fi block of  Film Festival!  SDCC2016;[{u'indices': [10, 15], u'text': u'SDCC'}, {u'indices': [124, 133], u'text': u'SDCC2016'}]
neutral;20.07.2016 04:22;hellokitty auction 2016 SDCC COMIC CON GOLD SONIC HELLO KITTY Exclusive Toynami Sanrio Sega  Plush  rare ebay;[{u'indices': [0, 11], u'text': u'hellokitty'}, {u'indices': [12, 20], u'text': u'auction'}, {u'indices': [125, 130], u'text': u'rare'}, {u'indices': [131, 136], u'text': u'ebay'}]
neutral;20.07.2016 04:01;Help a homie out! ;[]
neutral;20.07.2016 04:07;Her nails!!  ;[]
neutral;20.07.2016 04:08;Here we come  SDCC2016;[{u'indices': [28, 37], u'text': u'SDCC2016'}]
positiv;20.07.2016 04:13;HEY! SDCC2016 attendees in my feed. Come visit me at Booth 2519, with the wonderful crew from SpongeBob Comics, okay?;[{u'indices': [5, 14], u'text': u'SDCC2016'}]
positiv;20.07.2016 04:24;"Hilarious! I love these guys! So, so hyped for TheWalkingDead to return &amp; ready for SDCC2016!! :) ";[{u'indices': [47, 62], u'text': u'TheWalkingDead'}, {u'indices': [89, 98], u'text': u'SDCC2016'}]
positiv;20.07.2016 04:15;hope everyone going to sdcc has lots of fun and stays safe and also buys me some shit;[]
neutral;20.07.2016 04:11;How about we all meet up for karaoke after Conx? ;[]
negativ;20.07.2016 04:22;I am envious of those who can attend SDCC;[]
positiv;20.07.2016 04:14;I am on vacationnnnnnn! Let the SDCC madness begin!;[]
positiv;20.07.2016 04:18;I cannot wait for Saturday of SDCC. vaguetweet toloveistotrust totrustistobelieve;[{u'indices': [36, 47], u'text': u'vaguetweet'}, {u'indices': [48, 64], u'text': u'toloveistotrust'}, {u'indices': [65, 84], u'text': u'totrustistobelieve'}]
negativ;20.07.2016 04:12;"I can't believe I have to work this weekend.

It's SDCC. I'm going to be late to all the reveals.";[]
negativ;20.07.2016 04:04;I DONT KNOW WHAT TO DO WITH MYSELF TONIGHT! I just want SDCC2016 to begin!!;[{u'indices': [56, 65], u'text': u'SDCC2016'}]
positiv;20.07.2016 04:06;I entered to win an  SDCC prize pack! You can too: ;[{u'indices': [31, 36], u'text': u'SDCC'}]
neutral;20.07.2016 04:16;I have arrived in San Diego for SDCC2016. 'Big Trouble in Little China' sums up how I'm feeling about this week. ;[{u'indices': [32, 41], u'text': u'SDCC2016'}]
positiv;20.07.2016 04:00;I know I'm going to SDCC and all that jazz, but I'm pretty stoked I took over this gym in the middle of the runway ;[{u'indices': [20, 25], u'text': u'SDCC'}]
positiv;20.07.2016 03:58;I liked a  video  Unboxing The SDCC Arcade Edition TMNT Action Figures;[]
positiv;20.07.2016 04:15;"I liked a  video from   Marvel at SDCC 2016 &amp; What to Expect";[]
positiv;20.07.2016 04:11;I liked a  video from   X-Men TV Series Ordered by Fox, SDCC Exclusives and More! -;[]
negativ;20.07.2016 04:23;I reckon someone doesn't want me to leave for SDCC. ;[{u'indices': [46, 51], u'text': u'SDCC'}]
neutral;20.07.2016 04:12;i will find a scientist at sdcc and talk to them ok ;[{u'indices': [27, 32], u'text': u'sdcc'}]
negativ;20.07.2016 04:02;I wish I had someone to get one for me!  ;[]
neutral;20.07.2016 04:30;ICYMI: Blink-182 added a Thursday concert in San Diego during SDCC:  ;[{u'indices': [62, 67], u'text': u'SDCC'}]
neutral;20.07.2016 04:15;ICYMI: FOX SDCC autograph sessions for TeenWolf, Bones, Lucifer, more::  ;[{u'indices': [11, 16], u'text': u'SDCC'}, {u'indices': [40, 49], u'text': u'TeenWolf'}, {u'indices': [51, 57], u'text': u'Bones'}, {u'indices': [59, 67], u'text': u'Lucifer'}]
neutral;20.07.2016 04:00;ICYMI: Sanrio's hello sanrio brand launching at SDCC with exclusive, food truck goodies, more: ;[{u'indices': [48, 53], u'text': u'SDCC'}]
neutral;20.07.2016 03:59;I'd watch the hell out of us ;[]
neutral;20.07.2016 03:59;If I save up aggressively and live off bread and water for a year..... maybe i can go to japan, AX /and/ SDCC;[]
neutral;20.07.2016 04:16;I'm all packed for SDCC. Now what?;[]
neutral;20.07.2016 04:03;I'm gonna be at SDCC2016 all this week. Come look for me!;[{u'indices': [16, 25], u'text': u'SDCC2016'}]
negativ;20.07.2016 04:14;I'm looking at my schedule and I'm probably not going to make it in time to get to the Supergirl panel at SDCC and nothing hurts me more.;[{u'indices': [87, 97], u'text': u'Supergirl'}, {u'indices': [107, 112], u'text': u'SDCC'}]
positiv;20.07.2016 04:15;I'm on the eve of attending my very first SDCC2016 and I'm 30 years old and I hope I'm geek enough, but not too nerd.;[{u'indices': [42, 51], u'text': u'SDCC2016'}]
neutral;20.07.2016 04:00;I'm packed! Heading to SD tomorrow. Comic-Connnnnn!! SDCC2016 ;[{u'indices': [53, 62], u'text': u'SDCC2016'}]
neutral;20.07.2016 04:14;I'm planning on recording something talking about quals so I can feel productive while not actually working on quals ;[]
positiv;20.07.2016 04:09;I'm seeing all my fav artists+ppl arrive in San Diego for SDCC and i'm just like *grabby hands* PLEASE;[]
positiv;20.07.2016 03:58;I'm so Proud of my Good friend Brian Pulido. Wednesday, at SDCC, The Pulidos return to the Big Dance. This... ;[]
neutral;20.07.2016 04:20;Inside Out SDCC Disgust ;[]
neutral;20.07.2016 04:19;Inside Out SDCC Joy ;[]
neutral;20.07.2016 04:20;Inside Out SDCC Sadness ;[]
neutral;20.07.2016 04:25;it seems so surreal that sdcc is tomorrow wtf;[]
neutral;20.07.2016 04:11;"It's all about precision...
SDCC Batman ";[{u'indices': [28, 33], u'text': u'SDCC'}, {u'indices': [34, 41], u'text': u'Batman'}]
neutral;20.07.2016 04:05;It's chimichanga time deadpool sdcc sdcc2016 ;[{u'indices': [22, 31], u'text': u'deadpool'}, {u'indices': [32, 37], u'text': u'sdcc'}, {u'indices': [38, 47], u'text': u'sdcc2016'}]
positiv;20.07.2016 04:12;it's sdcc week, there's a big fat HUNGRYGHOSTMOON hanging in the sky, and I just caught a pikachu. let's celebrate ;[{u'indices': [34, 50], u'text': u'HUNGRYGHOSTMOON'}]
neutral;20.07.2016 04:02;I've never met a single person that has their SDCC cosplay finished prior to the week of SDCC. Ever.;[]
positiv;20.07.2016 04:01;"Just finished our annual SDCC dinner w/ Always love talking cons &amp; hearing about what  is doing in the community";[{u'indices': [25, 30], u'text': u'SDCC'}]
neutral;20.07.2016 04:25;Just landed in San Diego. Pretty certain I just saw John Greene on the airport shuttle. Anyways, SDCC '16 is about to commence!;[]
neutral;20.07.2016 04:13;Kickstarter to Show Off Various Crowdfunding Projects at SDCC  ComicCon ;[{u'indices': [32, 45], u'text': u'Crowdfunding'}, {u'indices': [58, 63], u'text': u'SDCC'}, {u'indices': [88, 97], u'text': u'ComicCon'}]
positiv;20.07.2016 04:00;Looking very good Jon!  Now all we have to do is find a way to get  out there with you...  FrankSaysYes :) ;[{u'indices': [100, 113], u'text': u'FrankSaysYes'}]
neutral;20.07.2016 04:03;M.O.T.U. The Curse of the Three Terrors VHS Tape at SDCC2016! ;[{u'indices': [52, 61], u'text': u'SDCC2016'}]
neutral;20.07.2016 04:00;M.O.T.U. The Curse of the Three Terrors VHS Tape at SDCC2016!: We've featured the screening of the first Mas... ;[{u'indices': [52, 61], u'text': u'SDCC2016'}]
neutral;20.07.2016 04:07;Marathoning Star Trek 1 and 2 so I understand what's going on tomorrow at the Premiere SDCC;[{u'indices': [87, 92], u'text': u'SDCC'}]
neutral;20.07.2016 03:58;Maybe it was just a show plug? ;[]
neutral;20.07.2016 03:59;Mezco Mega Scale Thundercats PHASING TYGRA LE 2016 SDCC COMIC CON Exclusive ;[]
neutral;20.07.2016 03:59;"Mezco Thundercats SNARF 8"" Plush LE 2016 SDCC COMIC CON Exclusive ";[]
neutral;20.07.2016 04:06;More signings were added to master SDCC Auto post, probably the last. Didn't manage all signings but we sure tried! ;[{u'indices': [35, 40], u'text': u'SDCC'}]
neutral;20.07.2016 04:06;"My SDCC2016 schedule will be as follows :
Thur 7/21 - Go to work. Catch news via  &amp;  recap
Fri 7/22 - Ditto
Sat 7/23 - Ditto";[{u'indices': [3, 12], u'text': u'SDCC2016'}]
neutral;20.07.2016 04:30;New Kotobukiya Preview Pics For SDCC 2016 Reveals ;[]
negativ;20.07.2016 04:28;No free wifi in the exhibit hall at SDCC!? I didn't even know there was free wifi last year!;[]
negativ;20.07.2016 04:26;No WiFi at the 2016SDCC convention center.  SDCC scifi SanDiegoComicCon sandiegonews;[{u'indices': [3, 8], u'text': u'WiFi'}, {u'indices': [16, 25], u'text': u'2016SDCC'}, {u'indices': [69, 74], u'text': u'SDCC'}, {u'indices': [75, 81], u'text': u'scifi'}, {u'indices': [82, 99], u'text': u'SanDiegoComicCon'}, {u'indices': [100, 113], u'text': u'sandiegonews'}]
negativ;20.07.2016 04:28;nobody wants to hear about delena im sleep ;[]
neutral;20.07.2016 04:30;Not going to SDCC--you kind of forget that the show is going on--it just seems everybody is preoccupied.;[]
neutral;20.07.2016 04:20;Of course the bartender at the restaurant we're at is from Boston. SDCC;[{u'indices': [67, 72], u'text': u'SDCC'}]
neutral;20.07.2016 04:02;OF THE MOST IMPOANCE !!!!! I need a huge favor !!!!! sdcc sdcc2016 comicon supercon ;[{u'indices': [55, 60], u'text': u'sdcc'}, {u'indices': [61, 70], u'text': u'sdcc2016'}, {u'indices': [71, 79], u'text': u'comicon'}, {u'indices': [80, 89], u'text': u'supercon'}]
positiv;20.07.2016 04:29;OH MY FUCKING GOD I WISH I COULD GO ;[]
neutral;20.07.2016 04:26;Oh my god  ;[]
neutral;20.07.2016 04:23;Oh yeah  ;[]
positiv;20.07.2016 04:26;On the way to SDCC. Can't wait to stay up really late/wake up really early/ do manual labor! J/K it's fun, or else  hits us.;[{u'indices': [14, 19], u'text': u'SDCC'}]
neutral;20.07.2016 04:03;Oooh Idris....  ;[]
neutral;20.07.2016 04:03;outcastcinemax outcastfox  sdcc banner  San Diego Convention Center ;[{u'indices': [27, 32], u'text': u'sdcc'}]
neutral;20.07.2016 04:11;Packing for sdcc and watching FixerUpper productivity = zero. Thanks ;[{u'indices': [12, 17], u'text': u'sdcc'}, {u'indices': [31, 42], u'text': u'FixerUpper'}]
positiv;20.07.2016 04:10;Packing for SDCC2016! Can't wait! :D;[{u'indices': [12, 21], u'text': u'SDCC2016'}]
neutral;20.07.2016 04:10;Paging  specialty cocktails at SDCC2016 at our hotel ;[{u'indices': [41, 50], u'text': u'SDCC2016'}]
neutral;20.07.2016 04:28;PEOPLE VOTE FOR DELENA  ;[]
neutral;20.07.2016 04:14;Please prepare 9-13 conversation topics for our train ride tomorrow,  SDCC ComicConIsHere !!;[{u'indices': [82, 87], u'text': u'SDCC'}, {u'indices': [88, 103], u'text': u'ComicConIsHere'}]
positiv;20.07.2016 03:59;Pretty! San Diego Comic-Con (SDCC) 2016 Zombie Planeswalker Magic Promos -  ;[]
neutral;20.07.2016 04:00;Rather than go through the hassle of figuring out which one was right, I opted to skip it. I have enough stress prepping for SDCC.;[]
neutral;20.07.2016 04:07;"Retweeted iTunes Trailers (

Watch out SDCC2016, this bat's comin' in hot.
LEGOBatmanMovie... ";[{u'indices': [56, 65], u'text': u'SDCC2016'}, {u'indices': [93, 109], u'text': u'LEGOBatmanMovie'}]
neutral;20.07.2016 04:19;"Retweeted Luna Lanie  (

Busy day, finished cosplays SDCC, planning for Patreon shoot tomorrow... ";[]
neutral;20.07.2016 04:15;"SanDiegoComicCon Show Coverage Begins Wednesday, July 20th In The Evening



SDCC SDCC2016 ";[{u'indices': [0, 17], u'text': u'SanDiegoComicCon'}, {u'indices': [101, 106], u'text': u'SDCC'}, {u'indices': [107, 116], u'text': u'SDCC2016'}]
neutral;20.07.2016 04:28;Saturday night!  supervideogameland SDCC2016     ;[{u'indices': [32, 51], u'text': u'supervideogameland'}, {u'indices': [52, 61], u'text': u'SDCC2016'}]
neutral;20.07.2016 04:11;"SDCC 2011 Icon Heroes ThunderCats Mumm-Ra &amp; Ma-Mutt PVC Staction Figure  ";[]
neutral;20.07.2016 04:11;SDCC 2016 COMIC CON EXCLUSIVE HOT WHEELS STAR TREK '64 BUICK RIVIERA CAR w/SPOCK  ;[]
neutral;20.07.2016 04:14;SDCC 2016 Exclusive VOLTRON Legendary Defender 1 VARIANT COVER Comic NETFLIX  ;[]
neutral;20.07.2016 04:27;SDCC Brainswalkers Pano - WUBRG  MTG magicthegathering;[{u'indices': [56, 60], u'text': u'MTG'}, {u'indices': [61, 79], u'text': u'magicthegathering'}]
neutral;20.07.2016 04:10;SDCC in 2 daysss! I'm over here getting ready like.. ;[]
neutral;20.07.2016 04:09;SDCC in 2 dayssss.. I'm over all ready like.. ;[]
neutral;20.07.2016 04:06;sdcc is so close omg;[]
positiv;20.07.2016 04:01;sdcc is so wonderful *sighs* wish i could be there;[]
positiv;20.07.2016 04:19;"SDCC is what you make it. 
Hope you all have an incredible time.
And a productive one too.";[{u'indices': [0, 5], u'text': u'SDCC'}]
negativ;20.07.2016 04:03;SDCC packing status: I've made a stack of underwear and socks. It took two hours.;[]
positiv;20.07.2016 03:59;"SDCC tomorrow &amp; remembering 2013 w/ ShiftyLook (    + our friends -- good times!";[{u'indices': [0, 5], u'text': u'SDCC'}]
neutral;20.07.2016 04:15;SDCC: Profiles in History to display million dollar Frank Frazetta painting at Comic Con ;[]
neutral;20.07.2016 04:28;SDCC?...no.  See you at the San Fernando Valley Comic Book Convention on August 14th!  sdcc SanDiegoComicCon ;[{u'indices': [87, 92], u'text': u'sdcc'}, {u'indices': [93, 110], u'text': u'SanDiegoComicCon'}]
negativ;20.07.2016 04:16;SDCC2016 is this week, got passes but cant go. I guess PokemonGO will have to do.;[{u'indices': [0, 9], u'text': u'SDCC2016'}, {u'indices': [56, 66], u'text': u'PokemonGO'}]
positiv;20.07.2016 04:00;SDCC2016 PREVIEWS Exclusive Giveaway runs until Sunday, July 24th! Don't miss your chance!  ;[{u'indices': [0, 9], u'text': u'SDCC2016'}]
neutral;20.07.2016 04:23;SDCC2016 starts tomorrow!!!;[{u'indices': [0, 9], u'text': u'SDCC2016'}]
neutral;20.07.2016 04:16;See you this week at Comic Con! I'm in Artist Alley at table AA-21!  SDCC2016 ;[{u'indices': [83, 92], u'text': u'SDCC2016'}]
negativ;20.07.2016 04:22;shit, i forgot to buy a denim jacket for sdcc. fuck.;[]
neutral;20.07.2016 04:13;"Shock &amp; Awe 3.75"" figs still rock    StarWars toyphotography SDCC toycommunity ";[{u'indices': [71, 80], u'text': u'StarWars'}, {u'indices': [81, 96], u'text': u'toyphotography'}, {u'indices': [97, 102], u'text': u'SDCC'}, {u'indices': [103, 116], u'text': u'toycommunity'}]
neutral;20.07.2016 04:27;smh home girl roxy bout to be asking about trash at SDCC ;[]
neutral;20.07.2016 04:07;Sneak peak SDCC2016 sdcc TheWalkingDead booth ;[{u'indices': [11, 20], u'text': u'SDCC2016'}, {u'indices': [21, 26], u'text': u'sdcc'}, {u'indices': [27, 42], u'text': u'TheWalkingDead'}]
positiv;20.07.2016 04:17;So great meeting  and all the guys from  SDCC;[{u'indices': [66, 71], u'text': u'SDCC'}]
negativ;20.07.2016 04:00;So much to get ready for SDCC. I swear I had plans to play OVERWATCH tonight..;[]
neutral;20.07.2016 04:09;So now I am going to go and make myself a hot chocolate and get stuck into these reviews before I go and do some SDCC research amwriting;[{u'indices': [113, 118], u'text': u'SDCC'}, {u'indices': [128, 138], u'text': u'amwriting'}]
neutral;20.07.2016 04:27;So who else of my Twitter friends will be at SDCC with me? ;[{u'indices': [45, 50], u'text': u'SDCC'}]
neutral;20.07.2016 04:15;Some sneak peeks during set up at sdcc;[]
positiv;20.07.2016 04:18;someone please take me  ;[]
neutral;20.07.2016 04:09;Soon  ;[]
neutral;20.07.2016 04:03;STILL HAVE A SUNDAY SDCC BADGE FOR SALE, HIT ME UP FRIENDS (sorry randoms);[]
negativ;20.07.2016 04:26;Still salty that I won't be at SDCC2016;[{u'indices': [31, 40], u'text': u'SDCC2016'}]
neutral;20.07.2016 04:25;suicidesquadmovie  sdcc  samsung  Hard Rock Hotel San Diego ;[{u'indices': [30, 35], u'text': u'sdcc'}, {u'indices': [52, 60], u'text': u'samsung'}]
positiv;20.07.2016 04:01;Thanks to  this is already my favorite SDCC! Thank you SO much! :);[{u'indices': [52, 57], u'text': u'SDCC'}]
negativ;20.07.2016 04:06;That time I waited 2 hours in an online waiting room hoping to get SDCC2016 tickets and failed. It's gonna be a hard Internet week for me!;[{u'indices': [67, 76], u'text': u'SDCC2016'}]
neutral;20.07.2016 04:21;THATS MY HOME(TOWN)!!!! ;[]
neutral;20.07.2016 04:22;The bus is ready to roll at the South Park offsite. SDCC  ;[{u'indices': [52, 57], u'text': u'SDCC'}]
negativ;20.07.2016 04:09;The I-Didn't-Get-Tickets to SDCC2016 depression is here in full force;[{u'indices': [28, 37], u'text': u'SDCC2016'}]
neutral;20.07.2016 04:09;The latest Entertainment Today!  rncincle sdcc;[{u'indices': [56, 65], u'text': u'rncincle'}, {u'indices': [66, 71], u'text': u'sdcc'}]
neutral;20.07.2016 04:07;The latest Nicholas Linde's Film Blog!  thedarktower sdcc;[{u'indices': [63, 76], u'text': u'thedarktower'}, {u'indices': [77, 82], u'text': u'sdcc'}]
neutral;20.07.2016 04:28;The latest Take2RadioCrew!  sdcc thedarktower;[{u'indices': [51, 56], u'text': u'sdcc'}, {u'indices': [57, 70], u'text': u'thedarktower'}]
neutral;20.07.2016 04:15;The latest The GuayaGeek Daily!  Thanks to    sdcc geek;[{u'indices': [98, 103], u'text': u'sdcc'}, {u'indices': [104, 109], u'text': u'geek'}]
neutral;20.07.2016 04:15;The latest TheTVKing!  Thanks to    rncincle sdcc;[{u'indices': [98, 107], u'text': u'rncincle'}, {u'indices': [108, 113], u'text': u'sdcc'}]
negativ;20.07.2016 04:01;There are copies of Charlie the Choo-Choo at SDCC and it's gonna be so hard for me to get one ;[]
neutral;20.07.2016 04:18;They're practically showing StarTrekBeyond already here at SDCC ;[{u'indices': [28, 43], u'text': u'StarTrekBeyond'}, {u'indices': [60, 65], u'text': u'SDCC'}]
neutral;20.07.2016 04:16;This could be the year to participate! SDCC ;[{u'indices': [39, 44], u'text': u'SDCC'}]
negativ;20.07.2016 04:09;This isn't good ComicCon2016  ;[{u'indices': [16, 29], u'text': u'ComicCon2016'}]
neutral;20.07.2016 04:30;This shit is happening I am.powwrless to stop it haha. Should be hilarious though. ;[]
positiv;20.07.2016 04:14;This will probably come in handy ;[]
neutral;20.07.2016 04:02;Time for gathering SDCC stuff together, then a boat load of retweets before bed!;[{u'indices': [19, 24], u'text': u'SDCC'}]
neutral;20.07.2016 04:19;Tomorrow's SDCC;[]
neutral;20.07.2016 04:08;"Toy Hype USA originally shared: 

First Look: Mattel SDCC2016 Exclusive MastersOfTheUniverse SheRa 11"" Figure... ";[{u'indices': [46, 53], u'text': u'Mattel'}, {u'indices': [54, 63], u'text': u'SDCC2016'}, {u'indices': [74, 95], u'text': u'MastersOfTheUniverse'}, {u'indices': [96, 102], u'text': u'SheRa'}]
neutral;20.07.2016 04:03;Toynami's Second Wave of SDCC Exclusives - Limited Edition Pre-Orders  via ;[]
neutral;20.07.2016 04:25;"'Twas the night before SDCC2016, &amp; all thru the apartment, not a creature was stirring bc we're watching Deadpool! ";[{u'indices': [23, 32], u'text': u'SDCC2016'}, {u'indices': [110, 119], u'text': u'Deadpool'}]
neutral;20.07.2016 04:23;Ugh def an avoid DT scenario shaping up around here. SDCC2016  ;[{u'indices': [53, 62], u'text': u'SDCC2016'}]
neutral;20.07.2016 04:02;Unboxing The SDCC Arcade Edition TMNT Action Figures  ;[]
positiv;20.07.2016 04:17;Very excited to be heading down to San Diego Comic Con tomorrow! SDCC;[{u'indices': [65, 70], u'text': u'SDCC'}]
neutral;20.07.2016 03:58;'Vixen' Season 2 Sets 'Legends of Tomorrow' Cast (And a Surprise Return) [SDCC 2016] ;[]
neutral;20.07.2016 03:58;'Vixen' Season 2 Sets 'Legends of Tomorrow' Cast (And a Surprise Return) [SDCC 2016]: Vi...  /via ;[]
neutral;20.07.2016 03:58;'Vixen' Season 2 Sets 'Legends of Tomorrow' Cast (And a Surprise Return) [SDCC 2016]: Vixen fans were saddene... ;[]
neutral;20.07.2016 03:58;'Vixen' Season 2 Sets 'Legends of Tomorrow' Cast (And a Surprise Return) [SDCC 2016]: Vixen fans were saddene... ;[]
neutral;20.07.2016 04:26;VOTE FOR STELENA  ;[]
neutral;20.07.2016 04:17;vote for stelena if you're not obese  ;[]
negativ;20.07.2016 04:24;vote for stelena, y'all get enough delena bullshit and it's always the same questions and answers.  ;[]
negativ;20.07.2016 04:00;Vote for this headline! NSFW 'Ash vs Evil Dead' red band trailer deemed too gory for ComicCon:  ;[{u'indices': [85, 94], u'text': u'ComicCon'}]
neutral;20.07.2016 04:12;vote stelena just because... stelena ;[]
neutral;20.07.2016 04:09;Wait.... and  you guys will be at SDCC too?!? ;[{u'indices': [62, 67], u'text': u'SDCC'}]
positiv;20.07.2016 04:18;WANT!  . . . Stuck in Seattle again. ;[]
negativ;20.07.2016 04:09;Was gonna start packing, realized I had to do laundry first. The sleepless nights of SDCC begins.;[{u'indices': [85, 90], u'text': u'SDCC'}]
positiv;20.07.2016 03:59;"We got two different SDCC pops in at work today and man, the 6"" one is soooo ugly but I love it lol";[]
positiv;20.07.2016 04:28;"We hope to see you at SDCC! We will likely be at the following TV panels: 
Colony
DeadOfSummer
OUAT
TheStrain
The100 
&amp; more TBD";[{u'indices': [22, 27], u'text': u'SDCC'}, {u'indices': [76, 83], u'text': u'Colony'}, {u'indices': [84, 97], u'text': u'DeadOfSummer'}, {u'indices': [98, 103], u'text': u'OUAT'}, {u'indices': [104, 114], u'text': u'TheStrain'}, {u'indices': [115, 122], u'text': u'The100'}]
neutral;20.07.2016 04:18;"We will be at comic con tomorrow! Where's the party's at Wednesday and Thursday! We have the Rum!!
SDCC sdccparty";[{u'indices': [99, 104], u'text': u'SDCC'}, {u'indices': [105, 115], u'text': u'sdccparty'}]
neutral;20.07.2016 04:00;"We've added SDCC signings for WB &amp; Fox: Bob's Burgers, Gotham, The 100, Supergirl, Fantastic Beasts &amp; so much more: ";[{u'indices': [12, 17], u'text': u'SDCC'}]
neutral;20.07.2016 04:04;"What should I ask  stars    &amp; executive producer StevenKane at SDCC TheLastShip TNT";[{u'indices': [106, 117], u'text': u'StevenKane'}, {u'indices': [121, 126], u'text': u'SDCC'}, {u'indices': [127, 139], u'text': u'TheLastShip'}, {u'indices': [140, 144], u'text': u'TNT'}]
negativ;20.07.2016 04:04;What? No more sucky teen wolf wifi? I'll survive, is not like the wifi was that great. ;[]
neutral;20.07.2016 04:09;What?! TheExpanse Season 2  SDCC2016 syfy ;[{u'indices': [7, 18], u'text': u'TheExpanse'}, {u'indices': [30, 39], u'text': u'SDCC2016'}, {u'indices': [40, 45], u'text': u'syfy'}]
neutral;20.07.2016 04:29;Who am I going to see at      know I'll see you guys there! SDCC SDCC2016;[{u'indices': [125, 130], u'text': u'SDCC'}, {u'indices': [131, 140], u'text': u'SDCC2016'}]
neutral;20.07.2016 04:19;Who's going to preview night tomorrow at SDCC? I'll be on my own exploring. SDCC2016 ;[{u'indices': [41, 46], u'text': u'SDCC'}, {u'indices': [77, 86], u'text': u'SDCC2016'}]
positiv;20.07.2016 04:07;Who's ready for ComicCon ??? I'll be EmCeeing the capcom booth!  Stop by, say hi and check out our awesome programming. SDCC2016;[{u'indices': [16, 25], u'text': u'ComicCon'}, {u'indices': [51, 58], u'text': u'capcom'}, {u'indices': [122, 131], u'text': u'SDCC2016'}]
negativ;20.07.2016 04:25;why is trash winning  ;[]
neutral;20.07.2016 03:58;Winter, I mean SDCC tweets are coming;[]
neutral;20.07.2016 03:59;"WiredCafe returns for 9th yr to SDCC2016 International  &lt;&lt; come see me to train your brain to control droids!!";[{u'indices': [0, 10], u'text': u'WiredCafe'}, {u'indices': [33, 42], u'text': u'SDCC2016'}]
neutral;20.07.2016 04:28;Wonder Woman's Invisible Jet will be unveiled tomorrow! Win tix to the reveal party! Email Promotions to enter! SDCC;[{u'indices': [128, 133], u'text': u'SDCC'}]
positiv;20.07.2016 04:24;Would be so dope to go to SDCC2016 for my bday this weekend;[{u'indices': [26, 35], u'text': u'SDCC2016'}]
neutral;20.07.2016 04:14;Wray Wray. ;[]
neutral;20.07.2016 04:05;Y'all Vote Klayley!!!!! ;[]
neutral;20.07.2016 04:19;YEAH DUDE ;[]
positiv;20.07.2016 04:09;Yep, excited for this movie ;[]
positiv;20.07.2016 04:12;YES FKING LUCILLE ;[]
positiv;20.07.2016 04:14;Yes please! ;[]
positiv;20.07.2016 04:09;yoooooo I got my SDCC pass back B) now which one of you nerds wants to take me with ya;[]
negativ;20.07.2016 04:26;You know well who will win why even do this shit.  ;[]
neutral;20.07.2016 04:21;You know,   +  will create quite a stink if you know what I mean. Welcome to SanDiego! SDCC SDCC2016;[{u'indices': [113, 122], u'text': u'SanDiego'}, {u'indices': [124, 129], u'text': u'SDCC'}, {u'indices': [130, 139], u'text': u'SDCC2016'}]
