positiv;wait hour spoke love sw custom servic rep back track get sdcc 
positiv;emma play bitchi charact screamqueen sdcc xx 
positiv;emma favorit chanel outfit screamqueen sdcc 
positiv;jaimi favourit investig first season blindspot sdcc 
negativ;jami possibl make movi jake gyllenha sdcc screamqueen 
negativ;close up tmnt sdcc neca 
positiv;know sdcc pop vinyl live websit might store thank 
positiv;flight got cancel southwest get sdcc make wan na drink defiant listen 
neutral;jaimi favourit investig first season blindspot sdcc xx 
negativ;gon na blackest sdcc evah 
negativ;think two situat thatd benefit sdcc aint one 
negativ;im staff sdcc amp chanc see last sign shift dc booth ill go earli 
positiv;morn tcur sdcc tc websit u need map compass find share fb twt ur vidiosthank good ytube 
neutral;mtvhottest ladi gaga 
negativ;straight focus sdcc 
neutral;that reason sdcc fun walk amp fun guy last year 
negativ;miss rubi sdcc 
neutral;sex bobomb pack avail onlin store blog say 
positiv;x emma favorit chanel outfit screamqueen sdcc 
negativ;ever consid gofundm get next year sdcc 
negativ;rosa park roll paper refer sdcc 
neutral;drop mic 
negativ;team sdcc activ 
negativ;sdcc mezco one collect marvel 
neutral;sdcc mezco toy one collect dc comic 
negativ;closeup joker outfit display sdcc batman tight 
neutral;aka sit tweetdeck pant larg box goldfish friday saturday 
positiv;anoth year goe amp still cant go sdcc 
positiv;anyon go sdcc week wish 
negativ;reprint snake amp sonic 
neutral;bluefin exclus broli sdcc comic con dragonbal z sh figuart hand starwar 
neutral;chill amp sdcc hotel salomar pool bar 
negativ;current mood depress sdcc 
neutral;dapper chris pine costum wonder woman sdcc 
negativ;day sdcc met person motiv today amp ty push us get sdccfit 
neutral;deadpool bluray sdcc exclus sign ryanreynold new collect buzz 
negativ;destructoid sdcc good smile compani via tomopop streamaleart 
neutral;doctorstrang trailer featur benedictcumberbatch marvel booth sdcc 
positiv;enorm bum miss sdcc year glad see post show amaz preview new art 
neutral;final met con unicorn seen mani socal con never courag say hi gameofblogg sdcc ty 
neutral;firework star trek beyond comic con sdcc 
neutral;firework star trek beyond comic con sdcc news 
positiv;emma favorit chanel outfit screamqueen sdcc xx 
positiv;jaimi favourit investig first season blindspot sdcc 
negativ;jami possibl make movi jake gyllenha sdcc screamqueen 
negativ;fuck yeah 
neutral;funko pop exclus pharah overwatch blizzard exclus sdcc vinyl hand 
positiv;go wait almost hour ahead sdcc news greec 
positiv;got poster sign previewnightsdcc sdcc dccomic 
neutral;hasbro exclus star war black seri obi wan kenobi figur sdcc 
neutral;hasbro star war black seri obiwan kenobi pack sdcc comic con exclus 
positiv;becom coolest version thank new hat hey thank gameofthron cc sdccconiv 
negativ;question ask sdcc 
positiv;hey everyon sorri delay upload late ive compil legodimens news massiv sdcc news updat 
neutral;hotel mate sleep apnea flashback hes even bed hesit get comfort send help sdcc 
neutral;hottoy reveal marvel daredevilfigur daredevil mcu charliecox netflix daredevil sdcc marvelsdcc 
neutral;next day go like sdcc 
negativ;husband put wetsuit random said sure someon photograph benedict lhr lax cumberbatch sdcc 
negativ;color cover ducktal cinestori comic disney sdcc sdcc 
negativ;feel like benedict get hate peopl hes sdcc realli shouldnt mani peopl hope 
negativ;hope lana stylist sdcc eye fine beauti mayb someth gay 
negativ;enter win copi fangirl life enter sdcc 
negativ;tear littl bit 
neutral;like video gear war sdcc new campaign gameplay marcus fenix 
positiv;like video pitu filler sdcc fan mail unbox 
positiv;like video sarah mertan con shark news gameofblogg sdcc 
negativ;may old wheelchair die make sdcc 
positiv;need 
positiv;realli need deadpool 
positiv;realli wan na go sdcc one year man 
negativ;swear totino boat sdcc 
positiv;wan na go meet bad 
positiv;want o_o 
negativ;would give much sdcc 
positiv;codi rock sdcc codyposey photo dont happen what fuck point lad 
positiv;someon want take sdcc thatd great 
positiv;ill say im like free event favorit show sdcc hope new thing ftwd wynonnaearp 
negativ;ill never forget got make dessert amp still work supernatur fangirl sdcc 
negativ;im actual gon na make sure schedul clear plan ahead go sdcc next year 
negativ;im cri 
negativ;im sad shelley dylan wont sdcc without 
positiv;im excit sdcc 
neutral;cant get better fall asleep hammock san diego sky listen sdcc hammocklif epicholiday 
negativ;call day go bed hope get sdcc exclus want tomorrow 
positiv;wonder sdcc weekend everyon comic con im bitter sit home 
neutral;fight centuri battl kick conancon sdcc via 
positiv;juli comic con sdcc th year press 
negativ;kick sdcc 
neutral;marvel comic sdcc hasbro exclus marvel legend raft sandman new loos figur end d ebay us 
negativ;mcu releas offici panel amp sign schedul chadwickboseman sdcc marvelsdcc blackpanth sdcc 
positiv;sdcc pn go bed even less sleep tomorrow day good night 
positiv;bodi readi 
negativ;sdcc cosplay lineup sdcc sdcc cosplay 
neutral;news holland tyler p dylan codi khylin e jeff davi sono arrivati san diego sdcc 
positiv;ngl everi year im excit nerd hq actual sdcc content qualiti much better 
negativ;noodl amp santana wonder im sdcc cuz im australia teleport dont exist 
negativ;odin give strength vike viper den sdcc vikingssdcc sweepstak 
neutral;oh god 
positiv;ok need 
neutral;pinback bobbl funko pop sdcc suicid squad underwat batman summer convent store mall 
positiv;pleas 
neutral;power ranger comiccon expect via sdcc powerrang 
neutral;pssst your go sdcc get coffe lobbi ill better 
negativ;realli sad shelley go sdcc 
positiv;sandiego becom mini hollywood celebr roam fan cosplay everywher sdcc wish tix 
neutral;sdcc marvel promo antman movi x poster comic con exclus nm 
neutral;sdcc beast kingdom egg attack exclus golden star war sandtroop starwar 
neutral;sdcc exclus hasbro magic gather zombi planeswalk card set 
neutral;sdcc exclus sanrio hello kitti upper deck bundl pack link bio 
neutral;sdcc rogu one star war stori costum display lucasfilm b via 
neutral;sdcc hasbro exclus star war black seri obi wan kenobi figur sdcc 
neutral;sdcc sdcctrade justic leagu supergirl trade suicid squ 
neutral;sdcc star war sdcc kylo ren comic con exclus black seri 
neutral;sdcc start today im readi 
negativ;sdcc start tomorrow im nut 
neutral;sdcc full swing check us tomorrow updat 
negativ;sdcc preview coverag here better shot joker batsuit hottoy sdcc sdcc 
negativ;sdcc preview coverag suicid squad hot toy figur look hot hottoy sdcc sdcc 
negativ;shana went sdcc without 
neutral;shut take money 
positiv;basic yall want anyth sdcc includ mac make lem know ampyoul pay back give ya 
positiv;cool meet peopl real world way better pokemongo hope catch sdcc 
neutral;jealous peopl sdcc right got get shockmast figur 
positiv;mani beauti ppl one gif 
neutral;sdcc one night exhaust 
neutral;announc kotobukiya figur sdcc 
neutral;star war meisho teppou ashigaru sandtroop sdcc exclus limit hand starwar 
neutral;star war sdcc kylo ren comic con exclus black seri 
neutral;super excit sdcc amp grate get see amp look forward panel sgu 
negativ;take moneyyyyy fuuuckkkk assss grayson im lovin alreadi 
negativ;take late night stroll around gaslamp find guy float pokestop love sdcc 
neutral;teenag wouldv worn shit 
negativ;tfw gerard gon na sdcc llllllllool kms 
positiv;thank great event gameofblogg definit kick sdcc pic w 
positiv;thank bring gameofblogg back sdcc anoth round fun 
negativ;fact sdcc weekend someth never get 
negativ;green power ranger appear powerrangersmovi powerrang sdcc 
negativ;harley one precious 
neutral;latest aia entertain daili thank sdcc rncincl 
neutral;latest tequila tech rncincl sdcc 
neutral;latest steve o daili thank rncincl sdcc 
neutral;latest ted daili news thank dcsdcc sdcc 
neutral;latest uncl pappi wolf daili thank sdcc sdcc 
neutral;latest wait action comic comicbookresourc sdcc 
negativ;negan line display sdcc incred holi shit 
negativ;injustic charact reveal sdcc thrill 
neutral;insid album cover genius 
negativ;start sdcc 
positiv;time last year sdcc hall walkthrough amp tour 
negativ;weekend admin bring fastest sdcc updat follow page turn notif 
negativ;time sdccnerd hq depress 
negativ;celebr sdcc throwbackthursday rachel attend convent sherlockholm 
negativ;tom sdcc wont u see what wrong 
neutral;tonight ade went jog pokemon hunt around comiccon sdcc 
neutral;top anticip trailer sdcc movi 
neutral;tori mell roddenberri give zenni star trek th pin sdcc 
positiv;tri time buy funko exclus barn nobl work go back bed sdcc 
neutral;tsum tsum disney star war han solo greedo sdcc exclus comic con 
positiv;unfortun shes think shes film new film im sure 
positiv;vike got lot happen year sdcc make sure visit booth attend panel sign 
positiv;walk beat sdcc storiespart there even fun outsid 
neutral;walkingdead walk dead color negan amp glen pak sdcc hand tv seri 
negativ;watch periscop sdcc startrekbeyondpremier 
neutral;give limit edit shadow link figur sdcc juli amp follow detail giveaway locat 
negativ;welcom boat dipshit feralaudio sdcc totinospizzarol 
neutral;wear sdcc pleas help 
positiv;sdcc almost got ta jet texa famili vacat friday 
negativ;sdcc like min home min still min firstworldproblem iwishihadticketsandtim 
negativ;worst sdcc ever 
neutral;ya never know youll run morn san diego comiccon sdcc 
positiv;yalc next week sdcc weekend im go neither 
positiv;year ago discov dear friend terribl sleep apnea never thought im reliv nightmar sdcc 
neutral;yep im type person wake buy newli releas exclus sdcc funko pop onlin 
negativ;play hester two face screamqueen sdcc 
negativ;could play anoth charact show would sdcc screamqueen 
neutral;like sdcc coveragenic job 
positiv;sure believ lmao 
negativ;cool fuck teaser cool go sdcc 
neutral;go sdcc tomorrow saturday ok 
negativ;someth introduc sdcc sure short teaser imho 
negativ;smash park sdcc 
positiv;look brilliant enjoy sdcc would love 
negativ;moffat talk sdcc 
neutral;number confirm offer everi singl sdcc exclus custom 
neutral;thank sdcc therapi even 
neutral;thing ill post everyon alreadi sdcc icon lol 
negativ;thedefend sdcc teaser 
neutral;somewher trailer sdcc cant check bc im home 
neutral;kenni 
negativ;ad sdcc pop vinyl websit today 
neutral;look like sue storm drawn jae lee sdcc hilton san diego bayfront 
neutral;inquisitrsdcc walk dead fan get close person season final 
positiv;sigh one day 
negativ;rock sdcc fxsdcc vr 
negativ;sdcc dead rise handson 
neutral;sdcc iron fist un tout sdcc netflix marvel ironfist 
negativ;great photo sdcc 
negativ;jmo hot sdcc 
neutral;lot selfi cast sdcc 
neutral;morrilla selfi sdcc 
negativ;ft bronz captain america statu unveil sdcc 
negativ;day go sdcc ninjago 
negativ;master paint master sdcc 
positiv;thing beauti 
neutral;go star war celebr last weekend realli want go comic con san diego one day swce sdcc 
negativ;bae sdcc margot emili kill 
positiv;alright go sdcc tomorrow im go lot stuff anyon want said stuff poster sticker etc riverdal 
negativ;also know worst thing sdcc miss info news alway last know 
negativ;lil pup emot speech priceless realli alyciadebnamcarey sdcc 
neutral;wait hour spoke love sw custom servic rep back track get sdcc 
neutral;andi lincoln chandler rigg plane sdcc thewalkingdead chandlerrigg andrewlincoln 
positiv;anthoni u watch cast 
neutral;recommend et 
neutral;arghhhhh sdcc trailer alreadi 
neutral;ashley eckstein lego dress univers sdcc vlogger 
neutral;ashley eckstein interview univers comic con sdcc oaknew 
positiv;lastsom good news daredevilseason 
positiv;aw man broke 
neutral;bluefin debut exclus sdcc collect 
neutral;brand new teaser lukecag amp straight sdcc 
neutral;someon get christma 
neutral;pleas photo sdcc togeth die happili 
neutral;cancel show pls 
negativ;cant wait hype sdcc start 
positiv;check full size walk dead charact creat amaz team artist knb efx 
negativ;comic con parti sdcc nathanfillion conman 
neutral;comic con repres america better gop sdcc oaknew 
neutral;comic con new robot war wwe battleground gon na good week sdcc robotwar battleground 
positiv;didnt like previous season hope like one happi end like show 
negativ;emma loggin jenn steel sdcc oaknew 
neutral;epic song accompani marvel defend sdcc teaser netflix hd via nirvana comeasyouar 
neutral;everi year proclaim next year shall attend sdcc nope nope 
positiv;excit sdcc news come 
neutral;justin timberlak hot dad let us fill first day sdcc 
neutral;funko pop sdcc marvel collector corp hobgoblin year one box exclus 
neutral;game throne john bradley teas what come oldtown sdcc john bradley stop talk abou 
positiv;gear war sdcc gameplay microsofton news pcesteam gearsofwar 
neutral;groovi marvel luke cage sdcc teaser netflix hd via 
neutral;vote delena yet 
neutral;babi 
neutral;hey your wonder librari sd gon na central librari next petco park sdcc 
positiv;hype nycc got real wildstorm fan thank sdcc reveal hope wildstormreborn pan takemymoney 
positiv;ad video playlist marvel defend sdcc teaser trailer song extend hd 
positiv;excit rn 
negativ;gain free follow huddersfield sdcc robmanfr 
neutral;got break danc floor ice omnia peopl thought secur block floor fals im invis sdcc 
positiv;hope bob post selfi sdcc 
positiv;hope king post pre sdcc selfi 
neutral;like video man high castl world expand season sdcc 
neutral;like video marvel iron fist sdcc first look netflix hd 
neutral;like video marvel luke cage sdcc teaser netflix hd 
positiv;like video marvel defend sdcc teaser netflix hd 
positiv;like video marvel defend sdcc teaser netflix nederland 
positiv;like video talk spiderman ps luke cage marvel movi agent m sdcc 
positiv;like video voltron creator went big twist sdcc 
positiv;like video marvel defend sdcc teaser netflix reaction sdcc 
neutral;like video sdcc south park interact offsit experi nsfw 
positiv;need thisssss 
neutral;panel programma per oggi sono bone game throne agent shield e screem queen sdcc 
positiv;wish sdcc 
positiv;wish sdcc 
negativ;icymi today hope amaz time sdcc 
negativ;im excit backer project 
negativ;im gon na watch yet dont want cri 
neutral;im okay im cri 
negativ;im readi die 
negativ;im damn exit figur idea 
neutral;insid parti crowd usual throw one best parti sdcc ignbash gtgt 
positiv;ironfist daredevilseason teenwolfseason lukecag cant wait moreeeee sdcc 
positiv;bob gon na post pre sdcc selfi hope 
negativ;movi fight go view askewnivers theme amp call moobi fight screenjunkiescentr sdcc 
positiv;time year trailer news tv show movi everywher california sdcc 
neutral;joe quesada luke cage embrac nyc iron fist villain count sdcc marvel cco joe quesada talk 
neutral;juli nd sdcc aaron webber walk stage audienc goe wild aaron inhal big fish adventur auditorium explod 
neutral;see sdcc make tear 
neutral;see sdcc make tear 
negativ;last minut sdcc pack apt tune 
positiv;love happi birthday ryu way 
neutral;loveloveloveeeeeeee 
negativ;make sure catch thetitanmovi gameofthron sdcc 
positiv;marvel kill sdcc everi year weve learn celebr accept dc fan like take grain salt 
positiv;marvel releas new defend logo via 
neutral;marvel iron fist sdcc first look netflix 
neutral;marvel luke cage sdcc teaser netflix hd via 
positiv;marvel defend sdcc teaser netflix hd 
neutral;marvelsdcc unveil first trailer upcom defend seri check sdcc 
neutral;mcthorit feel get nugget kick next day 
negativ;moana open scene costum worn dwayn johnson maui address sdcc 
positiv;model walk univers runway comic con sdcc oaknew 
neutral;monster high sdcc preview night 
positiv;figur come year sdcc 
positiv;must watch hero movi 
neutral;brother whos normal dead asleep sleep sdcc twd trailer hype hes go week 
positiv;dream go sdcc one year wishiwasther 
neutral;idol godess proud 
positiv;love 
neutral;netflix marvel perfect sdcc 
neutral;nice cape action starwar sdcc sdcc costumedesign rogueon comiccon geekeri 
neutral;oh shit oh shit oh shit 
negativ;olic sdcc happen friday juli nd 
neutral;ship tous 
neutral;girl line bone final sdcc panel catch final bonesfarewel serious busi 
neutral;pinback bobbl funko pop sdcc teen titan starfir flash robin batman wonder woman set store mall 
neutral;pleas find onlin shop sell doctor strang funko pop worldwid let know sdcc doctorstrang 
neutral;pokemongo downtown sdcc 
neutral;portia doubleday au comiccon sdcc 
positiv;pre sdcc selfi els 
neutral;quick word warn gon na lot sdcc post page fangirl overload immin 
neutral;reinhardt servic 
neutral;ride lax temecula morn sure may well head sdcc sinc im close 
negativ;right feel 
negativ;sdcc sleep cycl dictat batteri charg cycl 
neutral;sdcc netflix et marvel montrent luke cage iron fist et defend 
negativ;sdcc mattel ever high cedar wood doll presal mattel via sdcc everafterhigh sdcc sdcc 
neutral;sdcc first teaser marvel iron fist 
neutral;sdcc arnett present live comiccon 
positiv;sdcc day watch fatmanonbatman drink w minim w nocsdcc 
positiv;sdcc bless 
neutral;sdcc tomorrow awak twitter 
neutral;sdcc last year tho 
negativ;sdcc photo cbs fan favorit ncis criminalmind ncisla zoo criminalmindsbeyondbord 
neutral;sdcc video man high castl season trailer amp clip themaninthehighcastl sdcc 
neutral;sdcc justic leagu action highlight reel debut first footag anim seri comic book resourc 
neutral;sdcc icon collid wonder womanbion woman crossov 
neutral;sdcc new red band trailer adult anim comedi sausag parti 
neutral;sdcc telltal thewalkingdead season screenshot emerg 
neutral;sdcc walk dead fan get close person season final negan scene amc twd stall video 
neutral;sdcc sleepingsitu lol men one woman sleep comiccon thetravelingnerd godhatesgeek 
neutral;snowden sdcc trailer 
negativ;sostarbuck line shortest line go figur sdcc aka linecon 
negativ;spockin sdcc pict livelongandprosp spock startrek leonardnimoy generoddenberri 
neutral;spoiler ahoy 
neutral;starwar rd sdcc exclus star war black seri obiwan kenobi hand readi ship theforceawaken 
neutral;starwar rd lego star war polybag awe pilot rebel new bag mint condit sdcc theforceawaken 
neutral;steven moffat said exact word sdcc imnotokay 
neutral;stone snowden get sdcc trailer via 
neutral;street fighter v chun li 
neutral;sweden new aquaman sketch collect friend sdcc 
negativ;tag urself im right nike sandal floor 
neutral;tardi wormhol dress univers sdcc oaknew 
positiv;thank fuckin god final focus femal heroin 
positiv;thank y ou god 
positiv;made cri beauti 
positiv;that 
positiv;that boy 
positiv;th pic tho look like bitch u kirkman said die one safe 
neutral;cast goof around hbo cinemax parti sdcc 
neutral;cast luke cage sdcc 
neutral;latest read thank rncincl sdcc 
neutral;latest steve oatway photographi daili ewcomiccon sdcc 
positiv;trio would behind front top underneath theyr hot gfi 
positiv;seem realli interest 
neutral;seri amaz im glad part generat legitcryinrn wynonnaearp sdcc 
negativ;peopl sdcc meet robbi thompson pleas hug 
positiv;today day catch sdcc chanc sensi get sens fix 
neutral;toy au fun play flash gorilla grodd sdcc summer convent exclus pop v ebay deal buynow 
negativ;turtelici sdcc 
negativ;violett sdcc yes 
neutral;void stile back 
positiv;wait tormund iest pas mort 
neutral;watch marvel iron fist sdcc first look netflix hd youtub 
neutral;watch ironfist newest player tv univers sdcc 
neutral;watch ironfist newest player marvel tv univers sdcc 
negativ;know crowd push get free stuff today small press n sdcc sdcc getnit 
negativ;may parti hard tonight refuel dope mexican food fueltheparti sdcc 
neutral;hell stile lol 
negativ;skyeward banner aw 
negativ;spent day refresh youtub wait new sdcc vid 
neutral;when dcs sdcc panel 
neutral;pic thewalkingdead 
neutral;tho 
positiv;wish sdcc 
neutral;woman walk sdcc ballroom line loud said employe could take time wouldnt fuck employe 
positiv;yeah might get ad cosplay list 
negativ;heard sdcc confirmdeni 
neutral;know get real even homeless guy talk sdcc 
negativ;yesss normanreedus jeffreydeanmorgan sdcc 
neutral;season slow place see work hope didnt lose audienc 
negativ;pay lego comicconinword ftw point sdcc funnythingskidssay 
negativ;gotham sdcc camren saw selina background bridgetivi relationship see in 
positiv;gotham sdcc what bruce ampselina event ampa charact g forward 
positiv;im pro photog love luciferamp would love get pic sdcc servic dog chanc 
neutral;sdcc rad year 
positiv;lauren give scoop comic con sdcc 
neutral;go breakdown walk dead season sdcc trailer thewalkingdead sdcc 
neutral;see sdcc season rampm clip 
positiv;think might happen true 
negativ;fay look complet differ everi photo seen sdcc bare recognis x 
negativ;hahahahahahah im stage sdcc 
negativ;feel like u would appreci 
negativ;feel hon moment vike thing make happi sdcc 
positiv;take your sdcc littl far 
positiv;think wish sdcc 
negativ;case havent seen 
neutral;sdcc start shatter yesterday teen wolf announc final season ive review show year 
positiv;sdcc justiceleaguemovi done w love 
positiv;someon beaten xx 
neutral;perfect bring charact life static figur talk interact 
negativ;im part hahahahahahahaha bes 
negativ;felt need kill ward lincoln kid ask real question agentsofshield sdcc 
positiv;oliv fangirl moment 
neutral;hold downtown san diego teamvalor let go pokemongo sdcc sdcc 
neutral;miniladdd hold downtown san diego teamvalor let go pokemongo sdcc sdcc 
neutral;day life sdcc thursday teen wolf tear moffat muse 
neutral;line proper manag would good start 
positiv;aaaah love iwan 
positiv;anoth syfi comic con parti done sdcc hotel solamar kimpton hotel 
negativ;anyon get wristband tweet get one next year panel hey group hallh hallhlin sdcc 
negativ;capac sad 
positiv;benedict cumberbatch sdcc earlier hope time hell broke loos itsonlythebegin 
negativ;pic brief time sdcc earper couldnt 
neutral;comic con master post photo amp video mq photo updat hq new portrait chloebennet sdcc 
neutral;comic con san diego friday dusk sdcc via 
negativ;could interest 
neutral;daaaaamn 
neutral;day two sdcc cri 
neutral;didnt hear word eliza said caus focus lindsey 
negativ;emmi nomin beauti birthday bash sdcc good time cumberclan 
positiv;enni dastard muttley dont know 
positiv;everyon go read like 
neutral;explain 
neutral;gear war sdcc panel talk jds full name hord mode hint gear movi 
neutral;go insid game throne epic wall face sdcc got 
positiv;goal life attend sdcc doctorwho wynonnaearp starwar sherlock there much 
positiv;goodnight love chandler much take look u get chanc kinda import 
neutral;heaven real 
neutral;shoulder make believ god 
positiv;hes alway nice 
positiv;hes sweet person 
negativ;holi fuck 
neutral;would improv comiccon rave throne parti 
positiv;manag cant imagin 
neutral;hq photo billi pose comiccon carpet sdcc screamqueen 
negativ;cant wait origin one time favorit horror genr sdcc blairwitch 
negativ;couldnt help sdcc 
negativ;didnt know william regal wore tiara back day 
positiv;dont wan na go work today wan na stay freak sdcc 
negativ;miss much sleep ugh hate sdcc 
negativ;pm everyth today includ buy new bag spain descend sdcc hell 
positiv;like video marvel defend sdcc teaser reaction 
neutral;like video biggest thing sdcc liter ign access 
neutral;love famili sdcc sdcc 
positiv;love 
negativ;need work paper uni sdcc anxieti 
negativ;id rather comic con sdcc 
positiv;idlikeitmoreif mental physic comic con sdcc 
neutral;anyon link watch preacher sdcc panel pls help id high appreci 
positiv;puberti hit chandler hard hit 
negativ;dont think best glow ever im su 
negativ;got go sdcc amp met gabriel ba amp fabio moon hate 
negativ;time crafti person super soooo would cosplay m sdcc aldubsuperma 
negativ;im go die httpstcolybkxw 
negativ;im jump cliff 
negativ;im literallt rhe mo cat rn 
negativ;im readi 
neutral;sdcc signific quiet year havent heard seen much compar previous year 
negativ;ive awak min sdcc alreadi kill cool 
neutral;izombi season scoop sdcc comic izombi crew oper togeth scoobi gang 
neutral;kotobukiya bishoujo marvel thor new imag sdcc kotobukiya marvel ladi thor bishoujo 
neutral;land untold stori omfg ajshdjsidhdjcksidhsjxjsj 
neutral;las vega yearsofonedirect dncleak sdcc usabmnt rncincl blair witch sonic ruca 
neutral;lindsey dork backgroud stan 
neutral;lindsey steal show lol 
neutral;lmao hes gon na shoot place 
neutral;lmfao 
neutral;look walk around gaslamp area oliverqueen arrow sdcc steveamelli 
neutral;marvel host panel hall h today juli pm pm local time doctorstrang expect featur sdcc 
neutral;marvel agent shield season teaser sdcc agenstofshield season marvel ghostrid 
negativ;mattel cli sdcc ghostbust courtroom battl egon spengler 
positiv;much dont give singl f whatev cast writer except cmd rv 
neutral;likey 
negativ;rememb im sdcc 
neutral;wait hour spoke love sw custom servic rep back track get sdcc 
positiv;take lagertha 
neutral;new photo billi panel screamqueen sdcc comiccon 
neutral;mute watch lindsey im proud stan 
positiv;bodi readi 
neutral;friend triniti dress cosplay sdcc kuroku 
neutral;heart 
positiv;sweet son 
neutral;top pokemongo im readi sdcc tomorrow teamvalor 
negativ;twitter divid celebr sdcc mourn munich 
neutral;new photo teen wolf cast san diego sdcc gtgt 
neutral;new photo billi comiccon sdcc screamqueen 
neutral;new photo billi panel screamqueen sdcc comiccon 
negativ;new portrait chloebennet sdcc agentsofshield ao 
positiv;nice 
neutral;noth confirm fan spot rachel amp san diego let hope mean attend sdcc today 
neutral;nw steven univers panel sdcc 
negativ;sdcc yeter 
positiv;oh wish san diego right sdcc comiccon bucketlist 
neutral;oh god 
positiv;okay got even interest even sound littl gimmicki 
neutral;omg lindsey 
positiv;play bit splatfest tonight come home day sdcc got defend rank dcs got frequent 
neutral;pleas post anybodi see pictur boy today ill work sdcc comiccon 
negativ;repost tough day work sdcc 
neutral;sdcc disney pop funko went littl crazi bought 
neutral;sdcc limit edit funko pop deadpool cowboy deadpool thumb lot 
neutral;sdcc hasbro star war black kylo ren unmask sdcc exclus action figur set 
neutral;sdcc go give pain see 
neutral;sdcc marvel starwar blackseri new imag star war black seri line includ tusken raider lando 
neutral;sdcc saga alana amp marko san diego comicon sdcc exclus figur mcfarlan toy 
negativ;sdcc supergirl panel today pleas let good news whisper calista 
neutral;sdcc arrow colton hayn head scream queen via news break 
neutral;sdcc walk dead season seven trailer unleash via news break 
neutral;sdcc watch first trailer american god 
neutral;sdcc film announc bring godzillaresurg us cinema late freakingneat 
neutral;sdcc black sail zach mcgowan join full time season gamedev 
positiv;second half season look great cant wait 
positiv;said shit 
positiv;shes pretti cri 
neutral;sneak peak costum baron mordo dr strang ancient one doctor strang sdcc drstrang 
negativ;sdcc glad dont stan problemat white girl idk octagon clark 
neutral;batman slept batgirl thekillingjok what next catwoman get fridg without feel thing organ sdcc 
negativ;much marvel news sdcc cant sleep anymor case miss someth 
positiv;readi 
negativ;sophi turner nathali emmanuel sdcc lt 
neutral;star war sdcc kylo ren comic con exclus black seri hasbro new 
neutral;starz releas first trailer american god watch 
positiv;that funniest thing ive ever seen deceas 
negativ;biggest thing sdcc liter ign access watch 
neutral;hallhlin line choos stay amp go gon na long hour till warnerbro panel sdcc 
neutral;latest onepercentofon daili thank sdcc sdcc 
neutral;latest pearl jewelleri onlin rncincl sdcc 
neutral;latest tequila tech sdcc darktowermovi 
neutral;latest clean sutton daili thank sdcc munich 
neutral;latest freeman ssfootbal sdcc 
neutral;latest gorilla pete daili thank sfgiant sdcc 
neutral;latest hornybabesex daili thank adult sdcc 
neutral;latest museummedia daili thank edwardhopp sdcc 
neutral;latest regular steve enquir thank munich sdcc 
neutral;latest ted daili news sdcc ewcomiccon 
neutral;latest uncl pappi wolf daili thank sdcc sdcc 
neutral;latest yellowpin daili sdcc axeljob 
neutral;latest thecraftbeerselfi thank craftbeer sdcc 
negativ;latest tomorrow technolog sdcc sdcc 
neutral;latest workplacefutur tech bulletin thank sdcc sdcc 
negativ;three amigo way sdcc credit ig colinodonoghu holytrin 
negativ;thekillingjok awesom amaz see childhood legend sdcc 
neutral;thewalkingdead season get new detail telltal sdcc 
neutral;deserv farewel panel sepanx 
neutral;much sdcc sdcc 
neutral;today pleas take moment mourn loss golden era otherwis known sdcc 
neutral;accur hurt 
neutral;trailer gt check new look suicidesquad 
neutral;vengeanc come marvel agentsofshield scifi comedi drama action mysteri sdcc ghostrid 
neutral;well look sdcc comiccon bang bang 
negativ;comiccon guy see photo sdcc sdcc 
positiv;tonight watch girl perform mean automat win life today 
neutral;lindsey 
neutral;place sdcc comiccon 
negativ;say im fine mean sdcc fuck unaccept unfair im gon na fling sun 
neutral;what like comiccon sdcc crowd still worth 
neutral;hannib avail order 
positiv;wow thank thank thank amaz d arrow 
positiv;yes big action huge big death weve mani alreadi vike sdcc 
neutral;forget 
negativ;new bond jamesbond barbarabroccoli stephenamel sdcc 
neutral;sdcc first trailer guy ritchi king arthur 
neutral;hello hi wave sdcc san diego comic con 
neutral;hi wave sdcc san diego comic con 
positiv;cool meet great sdcc 
negativ;sad agre suck happen despit liter boo sdcc wait 
positiv;ohmygod need amaz good 
neutral;photo came 
negativ;life doesnt give seat belt sdcc batman lego 
positiv;go good 
positiv;cri beauti 
neutral;wait hour spoke love sw custom servic rep back track get sdcc 
negativ;sdcc primer vistazo al buitr en spiderman homecom 
positiv;pretti dam sweet comic movi sdcc great hype 
neutral;min fame panel actual turn quit huge kevinsmith still sdcc 
positiv;absolut love tweet sdcc blackheroesmatt 
positiv;actual want see movi 
positiv;watch multitud trailer movi im excit fantast beast kong skull island amp justic leagu sdcc 
positiv;ahh man marvel panel sdcc kill excit level right 
positiv;ahhhh cant wait season 
neutral;trailer sdcc look realli neat must say 
positiv;alway love coverag sdcc thank hard work 
positiv;alycia outfit sdcc biggest bless 
neutral;amazigg 
positiv;anonym said sdcc organ set second tabl minut panel love everyon 
neutral;arrow season sdcc promo 
neutral;babbyyi 
neutral;bad park found near sdcc quot recent acquir magnet seem appropri 
neutral;badass wonder woman trailer captain marvel justiceleagu trailer might best sdcc ever 
negativ;basic sdcc look good last night 
negativ;best day ever sdcc 
negativ;best pic sdcc far 
neutral;best thing sdcc new trailer grabbi hand 
negativ;bitch fuck yes 
negativ;fuck bucki 
negativ;cant cope marvel dc news sdcc much 
positiv;cant wait sc impend end 
negativ;cant waittttt 
neutral;che filmon 
neutral;check new comiccon trailer suicidesquad sdcc comiccon 
negativ;click away easiest way stay fit without exercis hit link stay fit sdcc 
neutral;come outtttt alreadi 
neutral;congratul 
neutral;costum n jacket view captain marvel vasc auspol black panther sdcc pokemongo 
neutral;date save 
neutral;david ramsey arrow sdcc via diggl 
neutral;dc trailer marvel give trailer sdcc hallh 
neutral;dccomic news sdcc flash season trailer releas 
neutral;doctor strang offici trailer sdcc 
neutral;doctorstrang unlik marvelstudio film judg trailer look awesom sdcc marvelsdcc 
positiv;doubl wow 
negativ;everyon give aquaman shit talk fish one give ww guff abil talk everi anim fizzvscom sdcc 
positiv;excus cri eye 
neutral;ezra miller barri allen first trailer justiceleagu sdcc gtgt 
neutral;ezra miller arriv san diego comic con fantasticbeast justiceleagu sdcc gtgt 
negativ;fuck 
negativ;fuck yea 
positiv;get readi sdcc sunday go enter tournament nintendo playground 
neutral;gif hello hi wave sdcc san diego comic con 
neutral;gif time hello hi wave sdcc san diego comic con 
neutral;gif hello hi wave sdcc san diego comic con 
positiv;good morn beauti peopl may enjoy today prisonbreak sdcc 
positiv;good news favourit actress get cw seri regular contract 
neutral;good night leav lukecag good hand marvel luke cage sdcc teaser via 
neutral;take apart edit pc review start back tomorrow also talk thing sdcc week 
neutral;hello hi wave sdcc san diego comic con 
neutral;heroichollywood first trailer fxs legion debut sdcc 
neutral;hey curious like flash suit jl trailer sdcc justiceleagu 
negativ;hey internet what time watch sdcc trailer never got around last night o 
positiv;hey look amaz peopl one pic god treasur 
neutral;couldnt happier everyth happen sdcc year eventhou aveng cast brett dalton werent 
positiv;dont care good see lt myonlyrealcelebritycrush 
positiv;dont want like fuck look amaz im torn boycot due whitewash like 
neutral;feelth 
negativ;enter win copi fangirl life enter sdcc 
positiv;want sdcc 
positiv;like video teenag mutant ninja turtl vs raph jhonen vasquez sdcc nick 
positiv;love cast that thank bid good day squadgoal gothamsdcc 
positiv;think get use see actor charact forget theyr pack big ol theater nerd 
positiv;want go sdcc pleaseeee 
positiv;want watch 
neutral;sdcc could calm pleas ive got mani trailer watch 
negativ;im aliv 
negativ;im shook 
neutral;im emot su panel sdcc especi one question lgbtqwoman empower theme god 
neutral;news im incred jealous everyon sdcc also sky blue oneyeariwillgoanditwillbeawesom 
positiv;offic got excit doctorstrang wonderwoman lukecag bring sdcc 
positiv;introduct benedict sdcc marvel panel 
neutral;ridicul say dc better sdcc simpl fact wont releas footag shown 
negativ;ive never sdcc ive heard yarn ill tell credul bendsthemind 
positiv;watch backstag parti video katheryn winnick wan na go pleas sdcc 
negativ;last week 
neutral;latest hello hi wave sdcc san diego comic con httpstcokbgphwxa 
neutral;legion trailer sdcc 
neutral;let take look incred harley quinn cosplay saw sdcc ignaccess gamedev 
neutral;lol welcom 
neutral;love hello hi wave sdcc san diego comic con 
neutral;marvel announc cast black panther includ walk dead danai gurira 
positiv;marvel cant wait fall changethedestini 
negativ;seeingread sdcc moment announc 
positiv;sdcc like 
negativ;wonder drop sdcc podcast episod 
positiv;readi 
neutral;multipass 
positiv;bodi readi 
negativ;never thought two accent 
neutral;new amp trend hello hi wave sdcc san diego comic con researchpreneur via giphi 
neutral;new doctor strang trailer 
neutral;new post arrow season sdcc promo 
neutral;new trend gif tag hello hi wave sdcc san diego comic con 
neutral;new trend gif via giphi gif 
neutral;newt 
positiv;nice littl insight season love quot end gotatlant 
positiv;nigga extrem right look like older version alexi sanchez 
neutral;oh wow 
positiv;ok look cool still dk went bendysnap carrotstick 
negativ;omg forgot ew sdcc portrait 
negativ;waterfront terri sdcc frat 
neutral;ooh trailer check morn thank sdcc comiccon 
neutral;ooooh lucki us 
positiv;orphan blackampth origin cast best best that want say sdcc 
positiv;probabl favourit news sdcc 
negativ;sad didnt get go sdcc mani thing afoot wouldnt time enjoy proper 
neutral;sdcc ghost rider confirm marvel agent shield via 
neutral;sdcc upon time lana parrilla amp jare gilmor 
neutral;sdcc asksherlockhow go moriarityhow moriar fake dead 
neutral;sdcc lego batman movi trailer see return arnett brick knight comic book resourc via 
positiv;serious isnt sdcc huge miss opportun especi show vr want get 
negativ;shes queen k sdcc wtf 
neutral;shot 
positiv;amaz 
neutral;went sdcc impract joker parti awesom saw guy liiiiter ft away murr point 
negativ;mani thing gg sdcc cant keep 
positiv;think news excit 
neutral;sophi turner iwan rheon game throne sdcc panel g 
negativ;still wait photo amp sdcc 
negativ;tallahasse pokemon dncleak sdcc jimbo fisher gucci whatiddofordollar thatpersonwho 
neutral;second pictur tower terror switch lol 
positiv;that die 
neutral;edg market stori via sdcc market 
neutral;latest cpcconsult daili sdcc arrow 
neutral;latest el market intellig diario thank travel sdcc 
neutral;latest gem group headlin thank sdcc entertain 
neutral;latest radio freedom forthehord sdcc 
neutral;latest synchron sdcc wonderwoman 
neutral;latest albareh daili thank marvelsdcc sdcc 
neutral;latest dotnet time thank kolkata sdcc 
neutral;latest hightech daili fren thank sdcc wonderwoman 
neutral;latest itali properti daili sdcc ewcomiccon 
neutral;latest parti pal daili thank sdcc comiccon 
neutral;latest today hotelslaconia lp sdcc 
neutral;marvel cast matter 
negativ;score make hea hu 
neutral;vampir diari cast sdcc tvdforev tvds tvd tvdfamili comiccon friendship tvdcast 
negativ;worst thing sdcc feed know lack mental abil enjoy 
neutral;comiccon trailer insan doctorstrang marvelsdcc 
negativ;theyr attract im sweatin 
neutral;film gon na soooo trippi 
neutral;also saw come better elizabeth debicki ayesha 
positiv;excit noth great feedback sdcc valerian muchexcit 
positiv;look amaz 
positiv;made weekend cant wait 
negativ;tsano chad make sure dont make vedu danai carri huni nemusoro one scene 
neutral;tt new zealand mastermindnz theblocknz nzgather yearsofonedirect wonder woman sdcc chief 
negativ;tyler beggin scott doesnt realiz miss get obsess tri rescu stile teenwolf sdcc 
negativ;tyler cant one alpha teenwolf sdcc 
positiv;tylerhoechlin supergirl interview sdcc entertain week 
positiv;ugh cant wait 
neutral;rare toxi sale tomorrow sdcc hurri gone 
positiv;vote headlin time sdcc parti 
positiv;eatin good tonit 
neutral;well traumat 
negativ;great day 
neutral;saw clip aladdin amp jafar wonder jasmin come ace ouat 
positiv;whenev hear sudden want kick somebodi ass coincid 
negativ;hell bucki 
positiv;must poor california sdcc need 
negativ;r u look bae im right 
neutral;wonder woman look better justic leagu trailer anyway sdcc dc 
neutral;wonder woman star fuck guy wonder woman 
neutral;wonderwoman put lasso truth good use sdcc trailer 
neutral;yall 
positiv;need frame room lol 
neutral;yyyyeessssssssssssss 
