neutral;wait hour spoke love sw custom servic rep back track get sdcc 
neutral;emma play bitchi charact screamqueen sdcc xx 
positiv;emma favorit chanel outfit screamqueen sdcc 
positiv;jaimi favourit investig first season blindspot sdcc 
neutral;jami possibl make movi jake gyllenha sdcc screamqueen 
neutral;close up tmnt sdcc neca 
neutral;know sdcc pop vinyl live websit might store thank 
neutral;flight got cancel southwest get sdcc make wan na drink defiant listen 
positiv;jaimi favourit investig first season blindspot sdcc xx 
neutral;gon na blackest sdcc evah 
neutral;think two situat thatd benefit sdcc aint one 
positiv;im staff sdcc amp chanc see last sign shift dc booth ill go earli 
positiv;morn tcur sdcc tc websit u need map compass find share fb twt ur vidiosthank good ytube 
positiv;mtvhottest ladi gaga 
neutral;straight focus sdcc 
neutral;that reason sdcc fun walk amp fun guy last year 
neutral;miss rubi sdcc 
neutral;sex bobomb pack avail onlin store blog say 
positiv;x emma favorit chanel outfit screamqueen sdcc 
neutral;ever consid gofundm get next year sdcc 
neutral;rosa park roll paper refer sdcc 
neutral;drop mic 
neutral;team sdcc activ 
neutral;sdcc mezco one collect marvel 
neutral;sdcc mezco toy one collect dc comic 
neutral;closeup joker outfit display sdcc batman tight 
neutral;aka sit tweetdeck pant larg box goldfish friday saturday 
neutral;anoth year goe amp still cant go sdcc 
neutral;anyon go sdcc week wish 
neutral;reprint snake amp sonic 
positiv;bluefin exclus broli sdcc comic con dragonbal z sh figuart hand starwar 
neutral;chill amp sdcc hotel salomar pool bar 
neutral;current mood depress sdcc 
neutral;dapper chris pine costum wonder woman sdcc 
positiv;day sdcc met person motiv today amp ty push us get sdccfit 
neutral;deadpool bluray sdcc exclus sign ryanreynold new collect buzz 
neutral;destructoid sdcc good smile compani via tomopop streamaleart 
neutral;doctorstrang trailer featur benedictcumberbatch marvel booth sdcc 
neutral;enorm bum miss sdcc year glad see post show amaz preview new art 
positiv;final met con unicorn seen mani socal con never courag say hi gameofblogg sdcc ty 
neutral;firework star trek beyond comic con sdcc 
neutral;firework star trek beyond comic con sdcc news 
positiv;emma favorit chanel outfit screamqueen sdcc xx 
positiv;jaimi favourit investig first season blindspot sdcc 
neutral;jami possibl make movi jake gyllenha sdcc screamqueen 
positiv;fuck yeah 
neutral;funko pop exclus pharah overwatch blizzard exclus sdcc vinyl hand 
neutral;go wait almost hour ahead sdcc news greec 
neutral;got poster sign previewnightsdcc sdcc dccomic 
neutral;hasbro exclus star war black seri obi wan kenobi figur sdcc 
neutral;hasbro star war black seri obiwan kenobi pack sdcc comic con exclus 
neutral;becom coolest version thank new hat hey thank gameofthron cc sdccconiv 
neutral;question ask sdcc 
neutral;hey everyon sorri delay upload late ive compil legodimens news massiv sdcc news updat 
negativ;hotel mate sleep apnea flashback hes even bed hesit get comfort send help sdcc 
neutral;hottoy reveal marvel daredevilfigur daredevil mcu charliecox netflix daredevil sdcc marvelsdcc 
neutral;next day go like sdcc 
neutral;husband put wetsuit random said sure someon photograph benedict lhr lax cumberbatch sdcc 
neutral;color cover ducktal cinestori comic disney sdcc sdcc 
negativ;feel like benedict get hate peopl hes sdcc realli shouldnt mani peopl hope 
neutral;hope lana stylist sdcc eye fine beauti mayb someth gay 
neutral;enter win copi fangirl life enter sdcc 
negativ;tear littl bit 
neutral;like video gear war sdcc new campaign gameplay marcus fenix 
neutral;like video pitu filler sdcc fan mail unbox 
neutral;like video sarah mertan con shark news gameofblogg sdcc 
neutral;may old wheelchair die make sdcc 
neutral;need 
positiv;realli need deadpool 
positiv;realli wan na go sdcc one year man 
neutral;swear totino boat sdcc 
neutral;wan na go meet bad 
neutral;want o_o 
positiv;would give much sdcc 
negativ;codi rock sdcc codyposey photo dont happen what fuck point lad 
positiv;someon want take sdcc thatd great 
neutral;ill say im like free event favorit show sdcc hope new thing ftwd wynonnaearp 
neutral;ill never forget got make dessert amp still work supernatur fangirl sdcc 
positiv;im actual gon na make sure schedul clear plan ahead go sdcc next year 
negativ;im cri 
negativ;im sad shelley dylan wont sdcc without 
neutral;im excit sdcc 
positiv;cant get better fall asleep hammock san diego sky listen sdcc hammocklif epicholiday 
neutral;call day go bed hope get sdcc exclus want tomorrow 
neutral;wonder sdcc weekend everyon comic con im bitter sit home 
neutral;fight centuri battl kick conancon sdcc via 
positiv;juli comic con sdcc th year press 
neutral;kick sdcc 
positiv;marvel comic sdcc hasbro exclus marvel legend raft sandman new loos figur end d ebay us 
neutral;mcu releas offici panel amp sign schedul chadwickboseman sdcc marvelsdcc blackpanth sdcc 
neutral;sdcc pn go bed even less sleep tomorrow day good night 
negativ;bodi readi 
neutral;sdcc cosplay lineup sdcc sdcc cosplay 
positiv;news holland tyler p dylan codi khylin e jeff davi sono arrivati san diego sdcc 
negativ;ngl everi year im excit nerd hq actual sdcc content qualiti much better 
neutral;noodl amp santana wonder im sdcc cuz im australia teleport dont exist 
neutral;odin give strength vike viper den sdcc vikingssdcc sweepstak 
neutral;oh god 
negativ;ok need 
neutral;pinback bobbl funko pop sdcc suicid squad underwat batman summer convent store mall 
neutral;pleas 
neutral;power ranger comiccon expect via sdcc powerrang 
neutral;pssst your go sdcc get coffe lobbi ill better 
neutral;realli sad shelley go sdcc 
neutral;sandiego becom mini hollywood celebr roam fan cosplay everywher sdcc wish tix 
neutral;sdcc marvel promo antman movi x poster comic con exclus nm 
neutral;sdcc beast kingdom egg attack exclus golden star war sandtroop starwar 
neutral;sdcc exclus hasbro magic gather zombi planeswalk card set 
neutral;sdcc exclus sanrio hello kitti upper deck bundl pack link bio 
positiv;sdcc rogu one star war stori costum display lucasfilm b via 
neutral;sdcc hasbro exclus star war black seri obi wan kenobi figur sdcc 
neutral;sdcc sdcctrade justic leagu supergirl trade suicid squ 
neutral;sdcc star war sdcc kylo ren comic con exclus black seri 
neutral;sdcc start today im readi 
neutral;sdcc start tomorrow im nut 
negativ;sdcc full swing check us tomorrow updat 
neutral;sdcc preview coverag here better shot joker batsuit hottoy sdcc sdcc 
neutral;sdcc preview coverag suicid squad hot toy figur look hot hottoy sdcc sdcc 
neutral;shana went sdcc without 
positiv;shut take money 
negativ;basic yall want anyth sdcc includ mac make lem know ampyoul pay back give ya 
positiv;cool meet peopl real world way better pokemongo hope catch sdcc 
neutral;jealous peopl sdcc right got get shockmast figur 
positiv;mani beauti ppl one gif 
neutral;sdcc one night exhaust 
neutral;announc kotobukiya figur sdcc 
neutral;star war meisho teppou ashigaru sandtroop sdcc exclus limit hand starwar 
neutral;star war sdcc kylo ren comic con exclus black seri 
neutral;super excit sdcc amp grate get see amp look forward panel sgu 
negativ;take moneyyyyy fuuuckkkk assss grayson im lovin alreadi 
neutral;take late night stroll around gaslamp find guy float pokestop love sdcc 
positiv;teenag wouldv worn shit 
neutral;tfw gerard gon na sdcc llllllllool kms 
positiv;thank great event gameofblogg definit kick sdcc pic w 
neutral;thank bring gameofblogg back sdcc anoth round fun 
neutral;fact sdcc weekend someth never get 
neutral;green power ranger appear powerrangersmovi powerrang sdcc 
positiv;harley one precious 
neutral;latest aia entertain daili thank sdcc rncincl 
neutral;latest tequila tech rncincl sdcc 
positiv;latest steve o daili thank rncincl sdcc 
neutral;latest ted daili news thank dcsdcc sdcc 
neutral;latest uncl pappi wolf daili thank sdcc sdcc 
neutral;latest wait action comic comicbookresourc sdcc 
positiv;negan line display sdcc incred holi shit 
neutral;injustic charact reveal sdcc thrill 
positiv;insid album cover genius 
neutral;start sdcc 
neutral;time last year sdcc hall walkthrough amp tour 
neutral;weekend admin bring fastest sdcc updat follow page turn notif 
neutral;time sdccnerd hq depress 
neutral;celebr sdcc throwbackthursday rachel attend convent sherlockholm 
positiv;tom sdcc wont u see what wrong 
positiv;tonight ade went jog pokemon hunt around comiccon sdcc 
neutral;top anticip trailer sdcc movi 
positiv;tori mell roddenberri give zenni star trek th pin sdcc 
neutral;tri time buy funko exclus barn nobl work go back bed sdcc 
neutral;tsum tsum disney star war han solo greedo sdcc exclus comic con 
negativ;unfortun shes think shes film new film im sure 
neutral;vike got lot happen year sdcc make sure visit booth attend panel sign 
neutral;walk beat sdcc storiespart there even fun outsid 
neutral;walkingdead walk dead color negan amp glen pak sdcc hand tv seri 
neutral;watch periscop sdcc startrekbeyondpremier 
neutral;give limit edit shadow link figur sdcc juli amp follow detail giveaway locat 
neutral;welcom boat dipshit feralaudio sdcc totinospizzarol 
neutral;wear sdcc pleas help 
negativ;sdcc almost got ta jet texa famili vacat friday 
neutral;sdcc like min home min still min firstworldproblem iwishihadticketsandtim 
negativ;worst sdcc ever 
neutral;ya never know youll run morn san diego comiccon sdcc 
neutral;yalc next week sdcc weekend im go neither 
negativ;year ago discov dear friend terribl sleep apnea never thought im reliv nightmar sdcc 
neutral;yep im type person wake buy newli releas exclus sdcc funko pop onlin 
neutral;play hester two face screamqueen sdcc 
neutral;could play anoth charact show would sdcc screamqueen 
neutral;like sdcc coveragenic job 
negativ;sure believ lmao 
neutral;cool fuck teaser cool go sdcc 
neutral;go sdcc tomorrow saturday ok 
neutral;someth introduc sdcc sure short teaser imho 
neutral;smash park sdcc 
positiv;look brilliant enjoy sdcc would love 
neutral;moffat talk sdcc 
neutral;number confirm offer everi singl sdcc exclus custom 
positiv;thank sdcc therapi even 
neutral;thing ill post everyon alreadi sdcc icon lol 
neutral;thedefend sdcc teaser 
neutral;somewher trailer sdcc cant check bc im home 
neutral;kenni 
positiv;ad sdcc pop vinyl websit today 
neutral;look like sue storm drawn jae lee sdcc hilton san diego bayfront 
neutral;inquisitrsdcc walk dead fan get close person season final 
positiv;sigh one day 
neutral;rock sdcc fxsdcc vr 
neutral;sdcc dead rise handson 
neutral;sdcc iron fist un tout sdcc netflix marvel ironfist 
neutral;great photo sdcc 
neutral;jmo hot sdcc 
neutral;lot selfi cast sdcc 
neutral;morrilla selfi sdcc 
neutral;ft bronz captain america statu unveil sdcc 
neutral;day go sdcc ninjago 
neutral;master paint master sdcc 
positiv;thing beauti 
positiv;go star war celebr last weekend realli want go comic con san diego one day swce sdcc 
neutral;bae sdcc margot emili kill 
neutral;alright go sdcc tomorrow im go lot stuff anyon want said stuff poster sticker etc riverdal 
negativ;also know worst thing sdcc miss info news alway last know 
positiv;lil pup emot speech priceless realli alyciadebnamcarey sdcc 
positiv;
neutral;andi lincoln chandler rigg plane sdcc thewalkingdead chandlerrigg andrewlincoln 
positiv;anthoni u watch cast 
positiv;recommend et 
neutral;arghhhhh sdcc trailer alreadi 
neutral;ashley eckstein lego dress univers sdcc vlogger 
neutral;ashley eckstein interview univers comic con sdcc oaknew 
positiv;lastsom good news daredevilseason 
positiv;aw man broke 
neutral;bluefin debut exclus sdcc collect 
neutral;brand new teaser lukecag amp straight sdcc 
neutral;someon get christma 
neutral;pleas photo sdcc togeth die happili 
negativ;cancel show pls 
neutral;cant wait hype sdcc start 
neutral;check full size walk dead charact creat amaz team artist knb efx 
neutral;comic con parti sdcc nathanfillion conman 
neutral;comic con repres america better gop sdcc oaknew 
neutral;comic con new robot war wwe battleground gon na good week sdcc robotwar battleground 
positiv;didnt like previous season hope like one happi end like show 
neutral;emma loggin jenn steel sdcc oaknew 
neutral;epic song accompani marvel defend sdcc teaser netflix hd via nirvana comeasyouar 
neutral;everi year proclaim next year shall attend sdcc nope nope 
neutral;excit sdcc news come 
positiv;justin timberlak hot dad let us fill first day sdcc 
neutral;funko pop sdcc marvel collector corp hobgoblin year one box exclus 
neutral;game throne john bradley teas what come oldtown sdcc john bradley stop talk abou 
neutral;gear war sdcc gameplay microsofton news pcesteam gearsofwar 
neutral;groovi marvel luke cage sdcc teaser netflix hd via 
negativ;vote delena yet 
negativ;babi 
neutral;hey your wonder librari sd gon na central librari next petco park sdcc 
positiv;hype nycc got real wildstorm fan thank sdcc reveal hope wildstormreborn pan takemymoney 
positiv;ad video playlist marvel defend sdcc teaser trailer song extend hd 
positiv;excit rn 
neutral;gain free follow huddersfield sdcc robmanfr 
neutral;got break danc floor ice omnia peopl thought secur block floor fals im invis sdcc 
neutral;hope bob post selfi sdcc 
neutral;hope king post pre sdcc selfi 
neutral;like video man high castl world expand season sdcc 
neutral;like video marvel iron fist sdcc first look netflix hd 
neutral;like video marvel luke cage sdcc teaser netflix hd 
neutral;like video marvel defend sdcc teaser netflix hd 
neutral;like video marvel defend sdcc teaser netflix nederland 
positiv;like video talk spiderman ps luke cage marvel movi agent m sdcc 
positiv;like video voltron creator went big twist sdcc 
neutral;like video marvel defend sdcc teaser netflix reaction sdcc 
neutral;like video sdcc south park interact offsit experi nsfw 
positiv;need thisssss 
positiv;panel programma per oggi sono bone game throne agent shield e screem queen sdcc 
neutral;wish sdcc 
neutral;wish sdcc 
neutral;icymi today hope amaz time sdcc 
negativ;im excit backer project 
neutral;im gon na watch yet dont want cri 
negativ;im okay im cri 
negativ;im readi die 
neutral;im damn exit figur idea 
positiv;insid parti crowd usual throw one best parti sdcc ignbash gtgt 
positiv;ironfist daredevilseason teenwolfseason lukecag cant wait moreeeee sdcc 
neutral;bob gon na post pre sdcc selfi hope 
neutral;movi fight go view askewnivers theme amp call moobi fight screenjunkiescentr sdcc 
neutral;time year trailer news tv show movi everywher california sdcc 
neutral;joe quesada luke cage embrac nyc iron fist villain count sdcc marvel cco joe quesada talk 
positiv;juli nd sdcc aaron webber walk stage audienc goe wild aaron inhal big fish adventur auditorium explod 
neutral;see sdcc make tear 
neutral;see sdcc make tear 
neutral;last minut sdcc pack apt tune 
positiv;love happi birthday ryu way 
neutral;loveloveloveeeeeeee 
neutral;make sure catch thetitanmovi gameofthron sdcc 
neutral;marvel kill sdcc everi year weve learn celebr accept dc fan like take grain salt 
neutral;marvel releas new defend logo via 
neutral;marvel iron fist sdcc first look netflix 
neutral;marvel luke cage sdcc teaser netflix hd via 
neutral;marvel defend sdcc teaser netflix hd 
neutral;marvelsdcc unveil first trailer upcom defend seri check sdcc 
positiv;mcthorit feel get nugget kick next day 
neutral;moana open scene costum worn dwayn johnson maui address sdcc 
neutral;model walk univers runway comic con sdcc oaknew 
neutral;monster high sdcc preview night 
neutral;figur come year sdcc 
positiv;must watch hero movi 
neutral;brother whos normal dead asleep sleep sdcc twd trailer hype hes go week 
neutral;dream go sdcc one year wishiwasther 
positiv;idol godess proud 
positiv;love 
neutral;netflix marvel perfect sdcc 
neutral;nice cape action starwar sdcc sdcc costumedesign rogueon comiccon geekeri 
negativ;oh shit oh shit oh shit 
positiv;olic sdcc happen friday juli nd 
positiv;ship tous 
positiv;girl line bone final sdcc panel catch final bonesfarewel serious busi 
neutral;pinback bobbl funko pop sdcc teen titan starfir flash robin batman wonder woman set store mall 
neutral;pleas find onlin shop sell doctor strang funko pop worldwid let know sdcc doctorstrang 
neutral;pokemongo downtown sdcc 
positiv;portia doubleday au comiccon sdcc 
neutral;pre sdcc selfi els 
neutral;quick word warn gon na lot sdcc post page fangirl overload immin 
positiv;reinhardt servic 
neutral;ride lax temecula morn sure may well head sdcc sinc im close 
negativ;right feel 
neutral;sdcc sleep cycl dictat batteri charg cycl 
positiv;sdcc netflix et marvel montrent luke cage iron fist et defend 
neutral;sdcc mattel ever high cedar wood doll presal mattel via sdcc everafterhigh sdcc sdcc 
neutral;sdcc first teaser marvel iron fist 
neutral;sdcc arnett present live comiccon 
positiv;sdcc day watch fatmanonbatman drink w minim w nocsdcc 
neutral;sdcc bless 
neutral;sdcc tomorrow awak twitter 
neutral;sdcc last year tho 
positiv;sdcc photo cbs fan favorit ncis criminalmind ncisla zoo criminalmindsbeyondbord 
neutral;sdcc video man high castl season trailer amp clip themaninthehighcastl sdcc 
neutral;sdcc justic leagu action highlight reel debut first footag anim seri comic book resourc 
neutral;sdcc icon collid wonder womanbion woman crossov 
neutral;sdcc new red band trailer adult anim comedi sausag parti 
neutral;sdcc telltal thewalkingdead season screenshot emerg 
neutral;sdcc walk dead fan get close person season final negan scene amc twd stall video 
neutral;sdcc sleepingsitu lol men one woman sleep comiccon thetravelingnerd godhatesgeek 
neutral;snowden sdcc trailer 
neutral;sostarbuck line shortest line go figur sdcc aka linecon 
neutral;spockin sdcc pict livelongandprosp spock startrek leonardnimoy generoddenberri 
neutral;spoiler ahoy 
neutral;starwar rd sdcc exclus star war black seri obiwan kenobi hand readi ship theforceawaken 
neutral;starwar rd lego star war polybag awe pilot rebel new bag mint condit sdcc theforceawaken 
neutral;steven moffat said exact word sdcc imnotokay 
neutral;stone snowden get sdcc trailer via 
positiv;street fighter v chun li 
neutral;sweden new aquaman sketch collect friend sdcc 
negativ;tag urself im right nike sandal floor 
neutral;tardi wormhol dress univers sdcc oaknew 
positiv;thank fuckin god final focus femal heroin 
positiv;thank y ou god 
positiv;made cri beauti 
neutral;that 
neutral;that boy 
positiv;th pic tho look like bitch u kirkman said die one safe 
neutral;cast goof around hbo cinemax parti sdcc 
neutral;cast luke cage sdcc 
neutral;latest read thank rncincl sdcc 
neutral;latest steve oatway photographi daili ewcomiccon sdcc 
positiv;trio would behind front top underneath theyr hot gfi 
positiv;seem realli interest 
neutral;seri amaz im glad part generat legitcryinrn wynonnaearp sdcc 
neutral;peopl sdcc meet robbi thompson pleas hug 
positiv;today day catch sdcc chanc sensi get sens fix 
positiv;toy au fun play flash gorilla grodd sdcc summer convent exclus pop v ebay deal buynow 
neutral;turtelici sdcc 
neutral;violett sdcc yes 
neutral;void stile back 
positiv;wait tormund iest pas mort 
neutral;watch marvel iron fist sdcc first look netflix hd youtub 
neutral;watch ironfist newest player tv univers sdcc 
neutral;watch ironfist newest player marvel tv univers sdcc 
positiv;know crowd push get free stuff today small press n sdcc sdcc getnit 
positiv;may parti hard tonight refuel dope mexican food fueltheparti sdcc 
neutral;hell stile lol 
positiv;skyeward banner aw 
neutral;spent day refresh youtub wait new sdcc vid 
neutral;when dcs sdcc panel 
neutral;pic thewalkingdead 
neutral;tho 
neutral;wish sdcc 
neutral;woman walk sdcc ballroom line loud said employe could take time wouldnt fuck employe 
positiv;yeah might get ad cosplay list 
neutral;heard sdcc confirmdeni 
neutral;know get real even homeless guy talk sdcc 
neutral;yesss normanreedus jeffreydeanmorgan sdcc 
positiv;season slow place see work hope didnt lose audienc 
neutral;pay lego comicconinword ftw point sdcc funnythingskidssay 
positiv;gotham sdcc camren saw selina background bridgetivi relationship see in 
positiv;gotham sdcc what bruce ampselina event ampa charact g forward 
positiv;im pro photog love luciferamp would love get pic sdcc servic dog chanc 
neutral;sdcc rad year 
neutral;lauren give scoop comic con sdcc 
neutral;go breakdown walk dead season sdcc trailer thewalkingdead sdcc 
neutral;see sdcc season rampm clip 
neutral;think might happen true 
positiv;fay look complet differ everi photo seen sdcc bare recognis x 
neutral;hahahahahahah im stage sdcc 
positiv;feel like u would appreci 
positiv;feel hon moment vike thing make happi sdcc 
neutral;take your sdcc littl far 
neutral;think wish sdcc 
negativ;case havent seen 
neutral;sdcc start shatter yesterday teen wolf announc final season ive review show year 
positiv;sdcc justiceleaguemovi done w love 
negativ;someon beaten xx 
neutral;perfect bring charact life static figur talk interact 
positiv;im part hahahahahahahaha bes 
neutral;felt need kill ward lincoln kid ask real question agentsofshield sdcc 
positiv;oliv fangirl moment 
neutral;hold downtown san diego teamvalor let go pokemongo sdcc sdcc 
neutral;miniladdd hold downtown san diego teamvalor let go pokemongo sdcc sdcc 
positiv;day life sdcc thursday teen wolf tear moffat muse 
negativ;line proper manag would good start 
positiv;aaaah love iwan 
neutral;anoth syfi comic con parti done sdcc hotel solamar kimpton hotel 
neutral;anyon get wristband tweet get one next year panel hey group hallh hallhlin sdcc 
negativ;capac sad 
neutral;benedict cumberbatch sdcc earlier hope time hell broke loos itsonlythebegin 
neutral;pic brief time sdcc earper couldnt 
neutral;comic con master post photo amp video mq photo updat hq new portrait chloebennet sdcc 
neutral;comic con san diego friday dusk sdcc via 
positiv;could interest 
neutral;daaaaamn 
neutral;day two sdcc cri 
negativ;didnt hear word eliza said caus focus lindsey 
neutral;emmi nomin beauti birthday bash sdcc good time cumberclan 
negativ;enni dastard muttley dont know 
neutral;everyon go read like 
neutral;explain 
neutral;gear war sdcc panel talk jds full name hord mode hint gear movi 
neutral;go insid game throne epic wall face sdcc got 
neutral;goal life attend sdcc doctorwho wynonnaearp starwar sherlock there much 
positiv;goodnight love chandler much take look u get chanc kinda import 
negativ;heaven real 
neutral;shoulder make believ god 
positiv;hes alway nice 
positiv;hes sweet person 
positiv;holi fuck 
positiv;would improv comiccon rave throne parti 
negativ;manag cant imagin 
neutral;hq photo billi pose comiccon carpet sdcc screamqueen 
neutral;cant wait origin one time favorit horror genr sdcc blairwitch 
neutral;couldnt help sdcc 
neutral;didnt know william regal wore tiara back day 
positiv;dont wan na go work today wan na stay freak sdcc 
negativ;miss much sleep ugh hate sdcc 
neutral;pm everyth today includ buy new bag spain descend sdcc hell 
neutral;like video marvel defend sdcc teaser reaction 
neutral;like video biggest thing sdcc liter ign access 
neutral;love famili sdcc sdcc 
positiv;love 
neutral;need work paper uni sdcc anxieti 
neutral;id rather comic con sdcc 
neutral;idlikeitmoreif mental physic comic con sdcc 
positiv;anyon link watch preacher sdcc panel pls help id high appreci 
negativ;puberti hit chandler hard hit 
negativ;dont think best glow ever im su 
positiv;got go sdcc amp met gabriel ba amp fabio moon hate 
positiv;time crafti person super soooo would cosplay m sdcc aldubsuperma 
neutral;im go die httpstcolybkxw 
negativ;im jump cliff 
negativ;im literallt rhe mo cat rn 
negativ;im readi 
neutral;sdcc signific quiet year havent heard seen much compar previous year 
neutral;ive awak min sdcc alreadi kill cool 
neutral;izombi season scoop sdcc comic izombi crew oper togeth scoobi gang 
neutral;kotobukiya bishoujo marvel thor new imag sdcc kotobukiya marvel ladi thor bishoujo 
neutral;land untold stori omfg ajshdjsidhdjcksidhsjxjsj 
neutral;las vega yearsofonedirect dncleak sdcc usabmnt rncincl blair witch sonic ruca 
neutral;lindsey dork backgroud stan 
neutral;lindsey steal show lol 
neutral;lmao hes gon na shoot place 
positiv;lmfao 
neutral;look walk around gaslamp area oliverqueen arrow sdcc steveamelli 
positiv;marvel host panel hall h today juli pm pm local time doctorstrang expect featur sdcc 
neutral;marvel agent shield season teaser sdcc agenstofshield season marvel ghostrid 
neutral;mattel cli sdcc ghostbust courtroom battl egon spengler 
positiv;much dont give singl f whatev cast writer except cmd rv 
neutral;likey 
neutral;rememb im sdcc 
positiv;
positiv;take lagertha 
neutral;new photo billi panel screamqueen sdcc comiccon 
negativ;mute watch lindsey im proud stan 
negativ;bodi readi 
neutral;friend triniti dress cosplay sdcc kuroku 
neutral;heart 
positiv;sweet son 
neutral;top pokemongo im readi sdcc tomorrow teamvalor 
neutral;twitter divid celebr sdcc mourn munich 
neutral;new photo teen wolf cast san diego sdcc gtgt 
neutral;new photo billi comiccon sdcc screamqueen 
neutral;new photo billi panel screamqueen sdcc comiccon 
neutral;new portrait chloebennet sdcc agentsofshield ao 
positiv;nice 
positiv;noth confirm fan spot rachel amp san diego let hope mean attend sdcc today 
neutral;nw steven univers panel sdcc 
neutral;sdcc yeter 
neutral;oh wish san diego right sdcc comiccon bucketlist 
neutral;oh god 
positiv;okay got even interest even sound littl gimmicki 
positiv;omg lindsey 
neutral;play bit splatfest tonight come home day sdcc got defend rank dcs got frequent 
neutral;pleas post anybodi see pictur boy today ill work sdcc comiccon 
neutral;repost tough day work sdcc 
neutral;sdcc disney pop funko went littl crazi bought 
neutral;sdcc limit edit funko pop deadpool cowboy deadpool thumb lot 
neutral;sdcc hasbro star war black kylo ren unmask sdcc exclus action figur set 
neutral;sdcc go give pain see 
neutral;sdcc marvel starwar blackseri new imag star war black seri line includ tusken raider lando 
neutral;sdcc saga alana amp marko san diego comicon sdcc exclus figur mcfarlan toy 
neutral;sdcc supergirl panel today pleas let good news whisper calista 
neutral;sdcc arrow colton hayn head scream queen via news break 
neutral;sdcc walk dead season seven trailer unleash via news break 
neutral;sdcc watch first trailer american god 
neutral;sdcc film announc bring godzillaresurg us cinema late freakingneat 
neutral;sdcc black sail zach mcgowan join full time season gamedev 
positiv;second half season look great cant wait 
negativ;said shit 
positiv;shes pretti cri 
positiv;sneak peak costum baron mordo dr strang ancient one doctor strang sdcc drstrang 
positiv;sdcc glad dont stan problemat white girl idk octagon clark 
neutral;batman slept batgirl thekillingjok what next catwoman get fridg without feel thing organ sdcc 
negativ;much marvel news sdcc cant sleep anymor case miss someth 
negativ;readi 
neutral;sophi turner nathali emmanuel sdcc lt 
neutral;star war sdcc kylo ren comic con exclus black seri hasbro new 
neutral;starz releas first trailer american god watch 
negativ;that funniest thing ive ever seen deceas 
neutral;biggest thing sdcc liter ign access watch 
neutral;hallhlin line choos stay amp go gon na long hour till warnerbro panel sdcc 
neutral;latest onepercentofon daili thank sdcc sdcc 
neutral;latest pearl jewelleri onlin rncincl sdcc 
neutral;latest tequila tech sdcc darktowermovi 
neutral;latest clean sutton daili thank sdcc munich 
neutral;latest freeman ssfootbal sdcc 
neutral;latest gorilla pete daili thank sfgiant sdcc 
neutral;latest hornybabesex daili thank adult sdcc 
neutral;latest museummedia daili thank edwardhopp sdcc 
neutral;latest regular steve enquir thank munich sdcc 
neutral;latest ted daili news sdcc ewcomiccon 
neutral;latest uncl pappi wolf daili thank sdcc sdcc 
neutral;latest yellowpin daili sdcc axeljob 
neutral;latest thecraftbeerselfi thank craftbeer sdcc 
neutral;latest tomorrow technolog sdcc sdcc 
neutral;latest workplacefutur tech bulletin thank sdcc sdcc 
positiv;three amigo way sdcc credit ig colinodonoghu holytrin 
neutral;thekillingjok awesom amaz see childhood legend sdcc 
neutral;thewalkingdead season get new detail telltal sdcc 
positiv;deserv farewel panel sepanx 
neutral;much sdcc sdcc 
neutral;today pleas take moment mourn loss golden era otherwis known sdcc 
negativ;accur hurt 
neutral;trailer gt check new look suicidesquad 
neutral;vengeanc come marvel agentsofshield scifi comedi drama action mysteri sdcc ghostrid 
neutral;well look sdcc comiccon bang bang 
neutral;comiccon guy see photo sdcc sdcc 
positiv;tonight watch girl perform mean automat win life today 
neutral;lindsey 
neutral;place sdcc comiccon 
positiv;say im fine mean sdcc fuck unaccept unfair im gon na fling sun 
neutral;what like comiccon sdcc crowd still worth 
neutral;hannib avail order 
positiv;wow thank thank thank amaz d arrow 
positiv;yes big action huge big death weve mani alreadi vike sdcc 
neutral;forget 
neutral;new bond jamesbond barbarabroccoli stephenamel sdcc 
neutral;sdcc first trailer guy ritchi king arthur 
neutral;hello hi wave sdcc san diego comic con 
neutral;hi wave sdcc san diego comic con 
positiv;cool meet great sdcc 
neutral;sad agre suck happen despit liter boo sdcc wait 
positiv;ohmygod need amaz good 
neutral;photo came 
neutral;life doesnt give seat belt sdcc batman lego 
neutral;go good 
positiv;cri beauti 
positiv;
positiv;sdcc primer vistazo al buitr en spiderman homecom 
positiv;pretti dam sweet comic movi sdcc great hype 
neutral;min fame panel actual turn quit huge kevinsmith still sdcc 
neutral;absolut love tweet sdcc blackheroesmatt 
positiv;actual want see movi 
neutral;watch multitud trailer movi im excit fantast beast kong skull island amp justic leagu sdcc 
neutral;ahh man marvel panel sdcc kill excit level right 
positiv;ahhhh cant wait season 
positiv;trailer sdcc look realli neat must say 
positiv;alway love coverag sdcc thank hard work 
positiv;alycia outfit sdcc biggest bless 
neutral;amazigg 
neutral;anonym said sdcc organ set second tabl minut panel love everyon 
neutral;arrow season sdcc promo 
neutral;babbyyi 
neutral;bad park found near sdcc quot recent acquir magnet seem appropri 
positiv;badass wonder woman trailer captain marvel justiceleagu trailer might best sdcc ever 
positiv;basic sdcc look good last night 
positiv;best day ever sdcc 
neutral;best pic sdcc far 
neutral;best thing sdcc new trailer grabbi hand 
negativ;bitch fuck yes 
negativ;fuck bucki 
neutral;cant cope marvel dc news sdcc much 
negativ;cant wait sc impend end 
positiv;cant waittttt 
neutral;che filmon 
neutral;check new comiccon trailer suicidesquad sdcc comiccon 
positiv;click away easiest way stay fit without exercis hit link stay fit sdcc 
neutral;come outtttt alreadi 
positiv;congratul 
positiv;costum n jacket view captain marvel vasc auspol black panther sdcc pokemongo 
positiv;date save 
neutral;david ramsey arrow sdcc via diggl 
neutral;dc trailer marvel give trailer sdcc hallh 
neutral;dccomic news sdcc flash season trailer releas 
neutral;doctor strang offici trailer sdcc 
neutral;doctorstrang unlik marvelstudio film judg trailer look awesom sdcc marvelsdcc 
positiv;doubl wow 
positiv;everyon give aquaman shit talk fish one give ww guff abil talk everi anim fizzvscom sdcc 
neutral;excus cri eye 
neutral;ezra miller barri allen first trailer justiceleagu sdcc gtgt 
neutral;ezra miller arriv san diego comic con fantasticbeast justiceleagu sdcc gtgt 
positiv;fuck 
positiv;fuck yea 
neutral;get readi sdcc sunday go enter tournament nintendo playground 
neutral;gif hello hi wave sdcc san diego comic con 
neutral;gif time hello hi wave sdcc san diego comic con 
neutral;gif hello hi wave sdcc san diego comic con 
positiv;good morn beauti peopl may enjoy today prisonbreak sdcc 
positiv;good news favourit actress get cw seri regular contract 
positiv;good night leav lukecag good hand marvel luke cage sdcc teaser via 
neutral;take apart edit pc review start back tomorrow also talk thing sdcc week 
neutral;hello hi wave sdcc san diego comic con 
neutral;heroichollywood first trailer fxs legion debut sdcc 
neutral;hey curious like flash suit jl trailer sdcc justiceleagu 
positiv;hey internet what time watch sdcc trailer never got around last night o 
positiv;hey look amaz peopl one pic god treasur 
neutral;couldnt happier everyth happen sdcc year eventhou aveng cast brett dalton werent 
negativ;dont care good see lt myonlyrealcelebritycrush 
negativ;dont want like fuck look amaz im torn boycot due whitewash like 
neutral;feelth 
neutral;enter win copi fangirl life enter sdcc 
neutral;want sdcc 
positiv;like video teenag mutant ninja turtl vs raph jhonen vasquez sdcc nick 
positiv;love cast that thank bid good day squadgoal gothamsdcc 
positiv;think get use see actor charact forget theyr pack big ol theater nerd 
neutral;want go sdcc pleaseeee 
positiv;want watch 
neutral;sdcc could calm pleas ive got mani trailer watch 
negativ;im aliv 
negativ;im shook 
neutral;im emot su panel sdcc especi one question lgbtqwoman empower theme god 
negativ;news im incred jealous everyon sdcc also sky blue oneyeariwillgoanditwillbeawesom 
neutral;offic got excit doctorstrang wonderwoman lukecag bring sdcc 
neutral;introduct benedict sdcc marvel panel 
neutral;ridicul say dc better sdcc simpl fact wont releas footag shown 
neutral;ive never sdcc ive heard yarn ill tell credul bendsthemind 
neutral;watch backstag parti video katheryn winnick wan na go pleas sdcc 
positiv;last week 
neutral;latest hello hi wave sdcc san diego comic con httpstcokbgphwxa 
neutral;legion trailer sdcc 
positiv;let take look incred harley quinn cosplay saw sdcc ignaccess gamedev 
neutral;lol welcom 
neutral;love hello hi wave sdcc san diego comic con 
neutral;marvel announc cast black panther includ walk dead danai gurira 
positiv;marvel cant wait fall changethedestini 
neutral;seeingread sdcc moment announc 
neutral;sdcc like 
neutral;wonder drop sdcc podcast episod 
negativ;readi 
neutral;multipass 
negativ;bodi readi 
negativ;never thought two accent 
neutral;new amp trend hello hi wave sdcc san diego comic con researchpreneur via giphi 
neutral;new doctor strang trailer 
neutral;new post arrow season sdcc promo 
neutral;new trend gif tag hello hi wave sdcc san diego comic con 
neutral;new trend gif via giphi gif 
neutral;newt 
positiv;nice littl insight season love quot end gotatlant 
neutral;nigga extrem right look like older version alexi sanchez 
positiv;oh wow 
negativ;ok look cool still dk went bendysnap carrotstick 
neutral;omg forgot ew sdcc portrait 
neutral;waterfront terri sdcc frat 
neutral;ooh trailer check morn thank sdcc comiccon 
negativ;ooooh lucki us 
positiv;orphan blackampth origin cast best best that want say sdcc 
neutral;probabl favourit news sdcc 
neutral;sad didnt get go sdcc mani thing afoot wouldnt time enjoy proper 
neutral;sdcc ghost rider confirm marvel agent shield via 
neutral;sdcc upon time lana parrilla amp jare gilmor 
neutral;sdcc asksherlockhow go moriarityhow moriar fake dead 
neutral;sdcc lego batman movi trailer see return arnett brick knight comic book resourc via 
negativ;serious isnt sdcc huge miss opportun especi show vr want get 
positiv;shes queen k sdcc wtf 
neutral;shot 
positiv;amaz 
positiv;went sdcc impract joker parti awesom saw guy liiiiter ft away murr point 
positiv;mani thing gg sdcc cant keep 
positiv;think news excit 
positiv;sophi turner iwan rheon game throne sdcc panel g 
neutral;still wait photo amp sdcc 
neutral;tallahasse pokemon dncleak sdcc jimbo fisher gucci whatiddofordollar thatpersonwho 
neutral;second pictur tower terror switch lol 
neutral;that die 
neutral;edg market stori via sdcc market 
neutral;latest cpcconsult daili sdcc arrow 
neutral;latest el market intellig diario thank travel sdcc 
neutral;latest gem group headlin thank sdcc entertain 
neutral;latest radio freedom forthehord sdcc 
neutral;latest synchron sdcc wonderwoman 
neutral;latest albareh daili thank marvelsdcc sdcc 
neutral;latest dotnet time thank kolkata sdcc 
neutral;latest hightech daili fren thank sdcc wonderwoman 
neutral;latest itali properti daili sdcc ewcomiccon 
neutral;latest parti pal daili thank sdcc comiccon 
neutral;latest today hotelslaconia lp sdcc 
neutral;marvel cast matter 
negativ;score make hea hu 
neutral;vampir diari cast sdcc tvdforev tvds tvd tvdfamili comiccon friendship tvdcast 
neutral;worst thing sdcc feed know lack mental abil enjoy 
positiv;comiccon trailer insan doctorstrang marvelsdcc 
negativ;theyr attract im sweatin 
neutral;film gon na soooo trippi 
positiv;also saw come better elizabeth debicki ayesha 
positiv;excit noth great feedback sdcc valerian muchexcit 
positiv;look amaz 
positiv;made weekend cant wait 
neutral;tsano chad make sure dont make vedu danai carri huni nemusoro one scene 
neutral;tt new zealand mastermindnz theblocknz nzgather yearsofonedirect wonder woman sdcc chief 
neutral;tyler beggin scott doesnt realiz miss get obsess tri rescu stile teenwolf sdcc 
neutral;tyler cant one alpha teenwolf sdcc 
neutral;tylerhoechlin supergirl interview sdcc entertain week 
negativ;ugh cant wait 
neutral;rare toxi sale tomorrow sdcc hurri gone 
neutral;vote headlin time sdcc parti 
positiv;eatin good tonit 
negativ;well traumat 
positiv;great day 
neutral;saw clip aladdin amp jafar wonder jasmin come ace ouat 
negativ;whenev hear sudden want kick somebodi ass coincid 
neutral;hell bucki 
neutral;must poor california sdcc need 
positiv;r u look bae im right 
neutral;wonder woman look better justic leagu trailer anyway sdcc dc 
neutral;wonder woman star fuck guy wonder woman 
neutral;wonderwoman put lasso truth good use sdcc trailer 
positiv;yall 
negativ;need frame room lol 
positiv;yyyyeessssssssssssss 
