positiv;hope win great competit also follow legosdcc sdcc 
positiv;follow messag good luck everyon enter competit legosdcc sdcc 
positiv;lol wtf 
neutral;special sdcc 
neutral;there awesom panel screen sdcc nycc ce bare get anyth awesom 
neutral;like justic leagu footag drop sdcc 
neutral;howardchaykin great sdcc sdcc 
neutral;annnnnnnnnnnnd noth els matter see movi wonderwoman sdcc 
neutral;idea sdcc exclus go sale onlin look pick copi magic gather promo sdcc 
neutral;know sdcc spn panel intro 
neutral;first trailer sdcc justiceleagu 
neutral;goodluckeveryon like magician say pick card hope mine fantasticbeast wand hallh sdcc beawizard 
neutral;hey guy chanc youll get sdcc funim beerus pop vinyl atal 
neutral;hi dan sdcc haul went thursday night sorri wasnt one one 
negativ;im alreadi get idea 
neutral;justic leagu trailer easter egg amp thing miss sdcc video justic leagu trailer easter egg 
negativ;emili wife went stalk sdcc didnt need look place 
positiv;beauti outfit stun cant wait see kick assum 
positiv;look amaz 
positiv;trailer du sdcc meet evil en vostfr 
neutral;well yeh least got pic yknow serious got least one sdcc would satisfi like year 
positiv;wish awesom upcom week miss volz hope sdcc good 
positiv;cant let starfox starfoxsdccsdcccosplay 
neutral;funko pop serious 
neutral;dead 
neutral;video kat cast wynonnaearp sdcc panel via kindaoffkilt youtub 
neutral;sdcc exclus hasbro star war black seri obi wan comic con 
neutral;sdcc exclus hasbro star war black seri obi wan comic con 
neutral;sdcc exclus hasbro star war black seri obi wan comic con starwar 
neutral;sdcc exclus marvel legend raft set spiderman loos action figur 
neutral;awesom photo marvel toy sdcc tx ign 
neutral;new heir hous bolton 
neutral;actual tom think whether hed shot also took long time come three 
neutral;alien weaver talk alien futur sdcc panel alien 
positiv;big news sdcc last weekend 
neutral;amanda mark tom comic con sdcc 
positiv;american horror stori season spoiler theme unveil sdcc emma robert teas show e 
neutral;american horror stori season theme hint sdcc horror hospit experi fx reveal 
neutral;sdcc check fearless vr experi creepi fxsdcc 
positiv;much love jensen amp co sad see appar jare enough lead solo panel sdcc nerdhq 
neutral;sdcc talk ruthconnel supernatur rowena 
positiv;aww cuti 
positiv;beauti 
neutral;benedict cumberbatch sdcc say sherlock lock 
neutral;benedictcumberbatch sdcc fr home one night edit 
neutral;bonecrunch new footag luke cage marvel netflix sdcc sizzl reel 
positiv;bonni good thing good 
neutral;bree turner sdcc grimm 
neutral;bts interview comicconhq sdcc hilton san diego bayfront 
neutral;btw team pokemongo 
neutral;bye sandiegocomiccon swell see next year sdcc 
neutral;bye sdcc time realiti 
neutral;call duti sdcc narrat panel spaceship backstori kit harington callofduti 
negativ;cant believ sdcc made back hour drive thank various traffic accid along way back 
positiv;captain swan 
neutral;catch sweet news sdcc start well carol danver follow wonderwoman trailer 
neutral;caught sdcc trailer justic leagu king arthur guy ritchi fantasyy highlight 
neutral;check guardian galaxi vol marvel sdcc exclus concept art print hand via 
neutral;check mondo exclus mega man capcom lapel pin sdcc one enamel nintendo via 
neutral;check sdcc dc pin set batman superman robin rebih watchmen via 
neutral;check sdcc dc pin set rebih watchmen triniti batman superman wonder woman robin via 
neutral;check sdcc exclus hasbro micronaut pharoid classic set hand comic hasbro via 
neutral;check sdcc hellboy dark hors tote bag mignola via 
neutral;check sdcc mattel mighti mini dean ambros mattel via 
neutral;check sdcc kingdomheart unchain poster squar enix disney via 
neutral;check super muto heman token coin sdcc via 
neutral;check wonderwoman badass offici trailer sdcc gtgt 
neutral;clair coffe sdcc grimm 
positiv;cockl pretti pleas pictur jensen amp misha sdcc send realli want tl 
neutral;codi dylan fan sdcc 
positiv;codi cute omg cri 
neutral;comiccon keep busi morn must watch trailer sdcc 
neutral;comic justiceleagu sdcc recap julio pic vid amp info 
neutral;communiti download sdcc vr experi excit via virtualr vr 
positiv;costum n jacket view sdcc climatechang upupcronulla lacours sitg 
neutral;creat crazi scari cool fxsdcc sdcc americanhorrorstori vr 
positiv;cute 
negativ;exact 
neutral;film news updat stori via sdcc sdcc 
neutral;first full trailer releas fantast beast find eddieredmayn 
neutral;captainmarvel manti badass women marvel cinemat univers sdcc 
neutral;funkopop duck dodger white gamma sdcc exclus funko pop 
neutral;funkopop funko pop dragon ball z metal beerus card sdcc exclus 
neutral;gain free new follow sdcc pagan towerofterror 
positiv;good 
positiv;good morn monday catch sdcc trailer news excit 
neutral;gosh spoiler open supernatur panel sdcc 
positiv;got ta go fast sdcc sdcc sonic 
neutral;great new origin fresh intro marvel badass 
neutral;great team theorigin sdcc amp 
positiv;hahaha waaaahhh wan na see wan na see cosplay wan na sit hall one oh h sdcc 
neutral;sdcc withdraw 
neutral;hello sdcc pleas watch ambiti batman vs jack ripper fan film thank ripper horror 
neutral;here learn teenwolfseason sdcc teenwolfsdcc teenwolf 
positiv;ho aggiunto un video una playlist di benedict cumberbatch sdcc say 
neutral;honor spock adam nimoy father legaci star trek th anniversari via 
positiv;human anchor yes 
neutral;ad video playlist justic leagu trailer easter egg amp thing miss sdcc 
neutral;ad video playlist wonder woman trailer easter egg amp thing miss sdcc 
positiv;final know look like love version harleyquinn arkham game love pic sdcc 
neutral;watch lot sdcc stuff thevampirediari cast drunk tvline favourit 
positiv;like video marvel studio sdcc panel highlight nerdist news w jessica chobot 
neutral;like video open supernatur panel sdcc 
neutral;like video justic leagu drop sdcc trailer review amp brake 
neutral;like video sdcc supernatur jare padalecki 
neutral;like video sdcc supernatur jare padalecki 
neutral;live john barrowman oh myyyy 
positiv;lov thi 
neutral;post photo facebook album sdcc 
negativ;return sdcc found hous turn ant hill hate summer 
neutral;saw photo mad sdcc actual terrifi guy dunno 
positiv;saw import thing impala 
neutral;still plenti time ruin movi 
neutral;wait year 
neutral;youv seen check trailer final fantasi xvs kingsglaiv movi sdcc 
neutral;im actual extrem jealous everyon got go sdcc sooooo mani celeb want meet note self futur goal 
positiv;im gon na cri wan na sdcc 
neutral;im love wonder woman 
neutral;im one 
neutral;im happi home sdcc much fun most thank two best friend gt 
positiv;im think up game 
positiv;sdcc comic anymor seem like e juli 
neutral;go get big bigger vr 
neutral;ive pay attn sdcc look like ill catch movi trailer amp geek news get home 
neutral;jackson dncinphl powertv pentaconk msnewsnow sdcc fort myer aldon smith oahu 
neutral;john fantasi come true 
neutral;get lana del rey spooki cover sugar sugar your set 
neutral;need monday morn doctorwho starwar sdcc lightsab timelord theforc comforttv 
neutral;keep eye open new independ short fanorama live action futurama film sdcc 
positiv;kid toy sdcc exclus entertain earth batman v superman joker wild big sale deal 
neutral;kingarthur get guy ritchi treatment legend sword trailer sdcc comiccon 
positiv;last day sdcc awesom swagger level 
positiv;love u guy sm 
neutral;love trailer sdcc esp wonderwoman kongskullisland amp doctorstrang 
positiv;love pic happi liam sharp 
neutral;man propos girlfriend comic con alien panel sdcc 
neutral;marvel anim announc aveng secret war releas teaser rocket amp groot short 
neutral;marvel agent shield season teaser sdcc agentsofshield ghostrid marvel marvelsdcc sdcc 
neutral;marvel iron fist sdcc first look netflix hd via 
positiv;marvel defend offici sdcc trailer netflix san diego c via 
positiv;mate your even jim gordon yet 
positiv;want 
positiv;michael b jordan perfect everi way 
neutral;morn decent sleep breakfast time catch everythng sdcc crack knuckl 
neutral;mr dickhead 
neutral;multipl pictur come sdcc norman reedus jdm peak fluster 
neutral;starwar jersey hit sdcc got lot compliment even silent bob agre 
neutral;feed mix sona postsdcc benedict cumberbatch goodi good 
neutral;nathan fillion nerdhq sdcc con man panel twelfth precinct 
neutral;new artwork sdcc sdcc cwsdcc riverdal archi archiecom comic comiccon comiccon 
neutral;noth like come back sdcc delay flight amp hous degre due non function acffffantast 
positiv;sdcc ia year best thing get internet buybuybuy marvel hottoy dc twd ftwd 
neutral;ok note grantgustin sdcc 
neutral;omg dean hot sam tie like sexi toy 
positiv;oooh nice 
neutral;open supernatur panel sdcc via 
negativ;great comiccon draw close weve still got news show stick around 
neutral;pinback bobbl dorbz batman return pack batman catwoman penguin funko sdcc exclus store mall 
neutral;potenti leak onlin sdcc sdcc lego legosdcc powerrangersmovi powerang legodimens lego 
positiv;retweet castl th precinct castl news nathan fillion nerdhq sdcc con man panel 
neutral;retweet megan sdcc komatsumegan defend email dncleak guy didnt account 
neutral;rick morti denver allen court case sdcc 
neutral;sdcc woman woman full panel 
neutral;sdcc sdcc exclus hasbro star war black seri obi wan comic con 
neutral;sdcc sdcc exclus marvel legend raft set spiderman loos action figur 
neutral;sdcc ampspiderman homecomingamp introduc villain marvelfan marv 
neutral;sdcc import takeaway supernatur panel amp via news break 
neutral;sdcc batman amp robin join forc new lego batman movi trailer 
neutral;sdcc behold eight new clip featur differ member suicid squad 
neutral;sdcc comiccon trailer give sneak peek season arrow 
neutral;sdcc con man season two interview nolan north casper van dien via 
positiv;sdcc fear walk dead season b trailer comicbook 
neutral;sdcc heat exchang fan batman kill joke creativ team 
neutral;sdcc jame gunn elabor starlord father guardian galaxi vol 
neutral;sdcc marvel unveil hulk armor thor ragnarok 
positiv;sdcc melissa benoist talk catco chang up ant kryptonian armi 
positiv;sdcc season vampir diari last 
neutral;sdcc day cosplay featur overwatch marvel 
neutral;sdcc godzilla san diego comic con exclus bluefin 
positiv;sdcc gotten pretti hype suicid squad good job market wb 
neutral;sdcc come take soul leav 
positiv;sdcc news marvel reveal michael b jordan black panther role 
neutral;sdcc sdcc exclus batman logo bust anim seri comiccon statu 
neutral;sdcc sdcc exclus hasbro micronaut pharoid classic set hand comic 
neutral;sdcc arrow season comiccon trailer reveal new villain prometheus via news break 
neutral;sdcc garth enni pen dastard muttley seri dc 
neutral;sdcc marvel anim announc aveng secret war releas teaser rocket amp groot short 
neutral;sdcc gif 
positiv;sdcc done met bunch great beard noshav 
positiv;sdcc sdcc supernatur cast nerdhq spam lol poor mark p 
neutral;sdcc talk new batma 
neutral;serial trailer sdcc im look forward dirk gentl legion defend iron fist 
neutral;ador 
neutral;full blown cupcak sdcc 
neutral;sherinford 
positiv;mani sdcc panel watch d right entertain work animag cosplay theflash 
positiv;much cool news sdcc weekend surpris got sever trailer releas internet event 
neutral;major comic announc sdcc sdcc comiccon 
neutral;cool stuff sdcc 
negativ;men want watch timelin burn 
neutral;pic form san diego comic con thank comic con amaz day sdcc 
positiv;spec op line get sdcc 
neutral;spiderman surpris sdcc here first look concept art featur vultur spidermanhomecom 
positiv;squirrel girl need happen often fb 
neutral;star trek discoveri offici trailer sdcc ncc via 
neutral;star trek watch star trek th anniversari panel sdcc 
neutral;startrek alien cast member tri launch nostalg space trip sdcc 
positiv;stephen amel e luke perri lt sdcc 
positiv;gorgeous peopl 
neutral;supernatur cast rick springfield new lucif vessel comiccon sdcc 
neutral;supernatur comic con hamster sdcc via 
neutral;supernatur goe back basic bring back horror feel sdcc 
neutral;team leader interact new featur teas pokemongo sdcc panel 
positiv;thank memori sdcc arigatou everyon help send info merci everyon hallh 
neutral;thank fun time sdcc blast 
neutral;that better duh sdcc arrow 
positiv;th season thewalkingdead worth wait say sdcc 
neutral;beach san diego realli beauti sandiego sdcc beach pacif beach sd 
neutral;best cosplay costum sdcc 
neutral;latest daili poptweetz thank sdcc lfc 
positiv;latest defalt x star sdcc art 
positiv;latest les chroniqu chenaill thank sdcc anim 
positiv;latest sciencecafeensched week thank utwent sdcc 
positiv;latest cape luxuri car daili thank travel sdcc 
neutral;latest cocker daili thank fintech sdcc 
neutral;latest david dellacasa daili thank sdcc market 
neutral;latest dystopian daili thank sdcc rio 
neutral;latest lewisham dreamer daili thank hiv sdcc 
neutral;latest mma blogospher thank wwebattleground sdcc 
neutral;latest norfolk comput daili thank sdcc ewcomiccon 
neutral;latest steven elard daili thank theprojecttv sdcc 
neutral;latest trend fashion daili thank sdcc musicmonday 
neutral;origin charl michael davi interview afterbuzztv sdcc via 
positiv;alreadi look better dawn justic 
positiv;made even excit look sad cant even anymor bc dean sam cas tho 
negativ;gon lit bruh 
neutral;pure art im talki 
neutral;photo save 
positiv;trailer resmi wonder woman o 
neutral;unfortun sdcc wont gencon look sdcc host montemoor 
neutral;video prison break cast sign autograph sdcc 
neutral;watch cod infinit warfar sdcc panel right via 
neutral;coordin happen mononok princessmononok ashitaka cosplay sdcc sdcc 
neutral;blast sdcc respons new storyworld rang unreal sold drwho set 
negativ;screw 
neutral;launch sdcc pop cwb shop reserv hold first come first serv 
neutral;weekend catch latest announc sdcc 
neutral;gon na sdcc 
neutral;got geek comic con year 
positiv;day fill sdcc footag thank 
positiv;work weekend see mani tweet sdcc miracul wish bthere happi everyon therelt 
positiv;cast good look 
neutral;news sdcc past weekend episod berserk kinda lost hubbub gtgt 
neutral;wonder woman king kong trailer might miss sdcc 
neutral;wonderwoman showcas fight prowess latest trailer sdcc comiccon 
positiv;woot woot cant wait till novemb doctorstrang 
positiv;yall dont know much love exorcist book lol 
negativ;yall real map 
neutral;yes sdcc benedictcumberbatch sherlockhair 
positiv;sdcc got footag r gon na sharenthat fan like sdcc exclus 
neutral;big mycroftsherlock scene said sdcc studio hensol castl use diogen club 
positiv;high time djdndkd u guy seen sdcc entranc hahahaha 
negativ;dont put podcast regular peopl abandon especi around sdcc expect better stabl 
positiv;sdcc hope your get rest x 
neutral;need marvel 
neutral;ill get one day prioriti moment like brunch clexacon sdcc 
positiv;im realli sure much choic lol sdcc great market tool 
neutral;new convers batman amp joker chuck taylor size men women sdcc suicid squad 
neutral;separ note might get sdcc exclus alien newt figur your interest obv wont cheap tho 
negativ;successlegaci alien sudden sequel becam consid littl viabl 
positiv;girl second one video sound like 
positiv;thought might want follow 
positiv;first say privat life job differ thing sdcc bite hand ate 
positiv;dont care hes second speed forc run hes flash day last day 
negativ;find way im still sdcc 
neutral;top comic con trend list sdcc sdcc 
neutral;sorri dccomic won sdcc start deeper hole mix manofsteelhorr bvs review 
positiv;met sdcc love inspir daughter sky aspir femal author 
neutral;photo cast sirius xm sdcc outcast 
neutral;photograph steampunk harley quinn sdcc unknown cosplay 
neutral;wccftech wonder woman justic leagu crash sdcc 
neutral;coolest thing sdcc jessica jone action fig 
neutral;san diego comic con sdcc tini titan superhero sidekick gift set new 
neutral;sdcc star war black seri stormtroop forc awaken action figur 
neutral;sdcc marvel legend abomin loos figur hasbro raft comic con 
neutral;sdcc hasbro kylo ren black seri unmask comic con exclus rare 
neutral;trailer sdcc might miss comiccon comiccon movi 
positiv;th hour alreadi tuesday sdcc day ago still homecom footag wan na fight energi though 
neutral;et discuss gotham news sdcc beyond 
neutral;hail rickspringfield supernatur sdcc comiccon lucif spn wbsdcc cwsdcc 
neutral;awesom announc mightampv miss sdcc weekend 
neutral;awesom announc mightv miss sdcc weekend lifehack 
neutral;extrem inspir ladi funni witti like nerdhq sdcc 
positiv;sdcc stir lot emot tax weekend time id never happier time felt realli low 
positiv;what wors video cc april nope didnt get selfi w sdcc must hate 
neutral;ariel littlemermaid bell beautyandthebeast sdcc 
neutral;awesom see star sdcc 
positiv;beauti 
positiv;watch sdcc panel last like day youtub wonder announc 
negativ;betti veronica cheryl idk cast quit far charact 
positiv;big day uh setlock 
neutral;boost follow sdcc urbanroyalti amywinehous 
neutral;boy like figur wan na play learn 
neutral;boy like figur want love im 
neutral;bring sdcc next year ty 
neutral;bruce wayn live batman attic knew 
positiv;one want listen say confirm pokeomongo eeveelut 
neutral;came home trainingtir wild wan na love im 
neutral;came home trainingtir wild wan na play im 
neutral;came home trainingtir wild wan na spend night find name 
positiv;cant wait till next season supergirl 
neutral;casual brows sdcc coverag rpokemongo 
positiv;color us excit best trailer sdcc 
neutral;cruelladevil cosplay sdcc daddi doggi go 
neutral;cute wan na play learn 
positiv;cute want spend night learn 
positiv;damn 
positiv;daredevil season announc sdccs luke cage panel via news break 
neutral;dc charact costum sdcc sdcc suicidesquad wonderwoman 
positiv;disappoint plot origin stori wonder woman meet steve trevor ww amp centuri 
neutral;disgust fear insideout sdcc 
negativ;dncinphl wish peopl paid attent 
positiv;dr strang good sherlock made cri 
positiv;e super mario bros th anniversari gold pin sdcc pax nib new condit 
neutral;enter calendar 
neutral;eu agent beat sdcc blue continu fight roll call thur pm bst saveagentcart agentcart 
neutral;exclus skybound announc sdcc exclus walk dead outcast movi movienew comicbook 
positiv;fan absolut amaz year sdcc humbl great love dcfancast 
neutral;final fantasi xii remast zodiac age gameplay sdcc via 
neutral;look like xena wonderwoman 
neutral;captainmarvel manti badass women marvel cinemat univers sdcc 
negativ;fuck readi shit 
positiv;funkopop freddi funko pop bert pc le sdcc comic con exclus 
neutral;funkopop funko pop sdcc comic con exclus funday willi wonka freddi funko 
neutral;funkopop sdcc exclus funko pop conan obrien zombi halloween conan 
neutral;galgadot wonderwoman movi costum sdcc wbsdcc httpstcoimrxyghz 
neutral;gamora guardiansofthegalaxi harleyquinn cosplay sdcc 
neutral;glad could make final tape live comic con last sat liveatsdcc sdcc 
neutral;gotham star interview sdcc photo 
positiv;guy anyon know happen act strang sdcc 
positiv;h happen remind jerkoff sent u broken box whatuord knowhowdeliverthegood 
neutral;happi thomastuesday sdcc via torrilla 
neutral;harley quinn suicidesquad worst hero ever new remix trailer sdcc 
neutral;perfect 
neutral;henri cavil prank smith amp suicidesquad cast sdcc 
neutral;hey still trap san diego thank aw custom servic sdcc sdcc 
neutral;home mani adventur lot time wait line mr robot best sdcc 
positiv;hugh jackman sdcc make think zuko kid tell scar wrong si 
positiv;ad video playlist sdcc teen wolf press room dylan obrien tyler hoechlin 
neutral;found leak thor ragnarok footag youtub sdcc tho 
neutral;gain follow limf rioolymp sdcc 
neutral;got interview soni latin america sdcc forgot ask could find interview 
neutral;blog im afraid waffl brief run major trailer releas sdcc 
neutral;final made anoth video marvel sdcc 
neutral;get qualiti follow sdcc powershift rulescommitte 
neutral;wan na go sdcc one time 
neutral;left brain sdcc 
positiv;like video teenag mutant ninja turtl vs raph jhonen vasquez sdcc nick 
neutral;like video dead rise kill challeng gameplay sdcc 
neutral;like video halo war new sdcc stori vidoc breakdown 
neutral;like video man buy talk star war bb unit comic con sdcc 
neutral;like video marvel sdcc 
neutral;like video pokemon go sdcc panel infom pokemon go news 
positiv;like video south park th anniversari sdcc hall h panel trey parker 
neutral;like video wonder woman trailer easter egg amp thing miss sdcc 
positiv;love video much favourit video ezra 
neutral;need sit go back throughfinish read rene montoya comic sdcc made miss import 
neutral;saw tom hiddleston im sold 
positiv;think left soul right next ridicul long hall h line 
negativ;took physic challeng destroy doubl dare cours sdcc nerdist 
neutral;walk much sdcc didnt turn pokemongo save batteri could hatch mani egg 
positiv;want wirth 
neutral;would love see movi costum person sdcc dccomic 
neutral;icv sdcc new normal 
neutral;icymi handi repositori best san diego comic con panel sdcc 
neutral;your bore come play let talk 
positiv;il nostro origin team arrow al sdcc d lt 
negativ;im fuck readi 
neutral;sdcc delug news everyon talk mani cbomb muttley drop 
neutral;interview engag cosplay photoshoot sdcc 
positiv;iron take red eye sdcc get bed earlier time last week 
negativ;still cant sleep watch sdcc voltron panel im scream im excit want explod 
neutral;comic anymor see star found sdcc 
positiv;j scott campbel danger girl abbey chase sdcc signatur edit print 
neutral;jareth sarah labyrinth cosplay sdcc 
positiv;juli comic con sdcc th year press 
positiv;klausamphayley wed au klayley theorigin sdcc tvd tvdforev tw stydia 
positiv;kudo surpris world w secret trailer sdcc 
neutral;lea michel emma robert scream queen cast talk season two spoiler sdcc 
neutral;let make like movi shade grey 
neutral;linctavia forev mari avgeropoulo amp ricki whittl sdcc reunion 
neutral;lindsey morgan instagram sdcc 
positiv;liter want life rn video rachel mcadam amp tilda swinton hold hand sdcc gif ya feel ripm 
positiv;lo stand della weta workshop al sdcc 
neutral;man buy talk star war bb unit comic con sdcc 
neutral;marvel studio gave hat comic con sdcc 
neutral;marvel iron fist sdcc first look netflix hd 
neutral;marvel luke cage sdcc teaser netflix hd 
neutral;marvel defend sdcc teaser netflix hd 
neutral;masterpiec bumblebe spike sdcc exclus transform misb hasbro via transform bumblebe sdcc 
neutral;miss trailer preview sdcc click link view 
positiv;film today told sdcc big day 
neutral;motu skeletor amp man power token sdcc rare comic con combo 
neutral;favorit photo tonight melissa benoist sdcc sdcc supergirlcw 
positiv;see sdcc spiderman footag would best day ever 
positiv;oh shit cant wait 
negativ;ok im excit heard heathen got extra excit jsut gonggn 
positiv;ok benni c look realli fkn good sdcc 
positiv;way home crack sdcc thorough enjoy compani excel amp throughout 
positiv;one day ill travel usa attend sdcc 
positiv;first dirk gentl look 
neutral;overheard sdcc talk flopdr eliza lindsey that nice made 
negativ;peopl actual plan see sdcc number peopl actual saw sorri everyon want see gt_lt 
neutral;photo love amp sdcc 
neutral;photo biggest parti comiccon sdcc 
neutral;pinback bobbl funko dorbz dc batman return sdcc gamestop exclus rare store mall 
neutral;pinback bobbl sdcc exclus funko pop hero metal domo batman store mall 
neutral;pls come manila 
positiv;popcast hs san diego comic con sdcc le bilan complet 
negativ;poser 
positiv;protect puppi 
positiv;realli cri 
positiv;rememb ppl come back dont let bait u back give 
positiv;rocket e groot da sideshow sdcc 
neutral;san diego comiccon dc costum exhibit part suicid squad sdcc suicidesquad sdcc 
neutral;san diego comiccon dc costum exhibit part wonder woman sdcc wonderwoman sdcc 
neutral;san diego comiccon star war rogu one costum exhibit sdcc rogueon starwar sdcc 
neutral;sdcc tour experi via 
positiv;sdcc troll macgyv et last ship 
positiv;sdcc news teen wolf end season via news break 
neutral;sdcc san diego comic con sdcc tini titan superhero sidekick gift set new 
neutral;sdcc pop cultur shock american werewolf thing son anarchi toyark news 
neutral;sdcc amp dc comic spoiler dc entertain releas justic leagu team icon symbol dc plan 
neutral;sdcc blizzard exclus overwatch pharah pop 
neutral;sdcc exclus funko pop indiana jone relic sdcc sticker 
neutral;sdcc exclus hasbro marvel legend seri raft boxset spiderman 
neutral;sdcc funko funday larg tshirt bazooka gum style new 
neutral;sdcc hasbro exclus marvel legend abomin raft loos 
neutral;sdcc hasbro exclus star war black seri kylo ren figurein hand 
neutral;sdcc mattel exclus hot wheel star trek buick riviera 
positiv;sdcc news teen wolf end six season via news break 
neutral;sdcc sdcc marvel legend abomin loos figur hasbro raft comic con 
neutral;sdcc sdcc hasbro exclus marvel legend raft spiderman loos figur 
neutral;sdcc sdcc hasbro kylo ren black seri unmask comic con exclus rare 
neutral;sdcc allnew wolverin marvelfan marvel marvelfangirl comic superhero 
neutral;sdcc arrow cast break hamilton song panel 
neutral;sdcc everi major trailer convent 
positiv;sdcc best quot game throne cast amp creator panel 
neutral;sdcc legend tomorrow season legiondari legion doom 
neutral;sdcc upon time adam horowitz amp eddi kitsi 
neutral;sdcc giveaway enter 
neutral;sdcc hasbro set sdcc star war black seri kylo ren obi wan 
neutral;sdcc sdcc blizzard exclus overwatch pharah pop 
neutral;sdcc sdcc exclus hasbro marvel legend seri raft boxset spiderman 
neutral;sdcc sdcc hasbro exclus marvel legend abomin raft loos 
neutral;sdcc star war black seri rf astromech droid sdcc exclus 
neutral;sdcc lego dimens reveal new detail expans et harri potter gremlin lego 
neutral;sdcc exclus mattel thoma friend dc superman batman mini train comiccon 
neutral;sdcc frequenc interview 
positiv;sdcc good klarolin fandom still shook 
neutral;sdccdan grant gustin 
neutral;share suaju sdcc exclus deconnick sebela amp sook launch ghost ongo comic book resourc ghost 
neutral;broli broli dbz dbs supersaiyan ssj goku vegeta anim manga cosplay sdcc love cultur beastmod 
positiv;sherlock doctor strang 
positiv;sherlock doctor strang get p 
neutral;sherlock cast amp sdcc vine httpstcolnvgomwa 
neutral;excit interview sdcc ask sal joe murr q thetenderloin trujok impracticaljok 
neutral;late postsdcc cast news agent shield season featur von strucker twin 
neutral;sonic th anniversari exclus sdcc glamglow graviti mud 
neutral;stanconfess trend know trend weekend sdcc lack free wifi 
neutral;star war black seri rf astromech droid sdcc exclus 
neutral;starwar rd sdcc hasbro exclus star war black seri kylo ren figurein hand theforceawaken 
neutral;starwar rd sdcc limit edit legaci collect mighti morphin power ranger red theforceawaken 
neutral;starwar rd star war han solo bowcast sdcc summer convent exclus funko theforceawaken 
neutral;suicid squad drop exclus sdcc remix trailer 
neutral;superhero film amp tv show sdcc photo post toysrevil toysrevil jul pd 
neutral;supernatur sdcc sam dean new vulner lucif vs castiel promotehorror via cnvey 
neutral;thank sdcc much like death superman final appear ever ill bac 
neutral;flash season sdcc offici trailer 
neutral;greatest thing come sdcc 
neutral;latest thank sdcc mind 
neutral;latest digit comic social thank cupcakewar sdcc 
neutral;latest daili iphon app howitsmad sdcc 
neutral;latest daili news innov howitsmad sdcc 
positiv;latest les chroniqu chenaill thank demsinphilli sdcc 
neutral;latest moneymoney daili sirphilipgreen sdcc 
neutral;latest action figur daili thank sdcc sdcc 
neutral;latest dayli tweeti digest thank demsinphilli sdcc 
neutral;latest lilli evan daili demsinphilli sdcc 
neutral;latest mba today thank econarch sdcc 
neutral;latest nick black daili thank sdcc dncinphl 
positiv;latest norfolk comput daili thank demsinphilli sdcc 
neutral;latest rodney meek daili thewalkingdead sdcc 
neutral;latest screenweek network daili thank sdcc doctorstrang 
positiv;latest steven elard daili thank demsinphilli sdcc 
neutral;latest tech news ahb solut sdcc artificialintellig 
negativ;origin daniel make bottl nois joseph ear sdcc via 
neutral;origin phoeb tonkin pikachu pick line joke sdcc via 
neutral;thewalkingdead season trailer reveal sdcc sdcc 
neutral;coinop inspir tmnt set one favorit thing pick sdcc year turtlepow sdcc 
neutral;gone hella good 
positiv;true love 
neutral;thoma amp friend kid sdcc san diego comic con toy train mini amp cosplay famili toy review via 
positiv;top beauti everafterhigh cedar wood marionett doll sdcc exclus b doll gift 
neutral;video wentworth interview tv line sdcc 
neutral;video gotham cast sdcc 
neutral;vike season sdcc trailer breakdown bjorn sail mediterranean captur ragnar die 
neutral;watch full sdcc call duti infinit warfar panel 
neutral;watch full star trek th anniversari comiccon panel themoviesextra 
neutral;watch full star trek th anniversari comiccon panel themoviesextra 
neutral;wbsdcc wonderwoman movi charact queen hippolyta conni neilsen costum sdcc 
neutral;record tonight focus sdcc trailer news well wwe draft battleground 
negativ;come rest us 
neutral;spidermanhomecom footag sdcc wan na see pleas dont make watch offscreen phone footag 
neutral;heck theorigin prisonbreak panel need see sdcc 
negativ;whoa two hero met that hype 
neutral;wonder woman justic leagu crash sdcc 
neutral;wonder woman justic leagu crash sdcc last coupl year marvel upper hand sdc 
neutral;wonder woman movi costum display sdcc cne 
positiv;wow amaz adventur sdcc sung disney beauti beast song littl town bell 
positiv;wow wow fallout tv seri reveal sdcc 
neutral;yep back nyc long sdcc 
neutral;yo look awesom 
neutral;yo hell 
neutral;know trailer come whenev sdcc happen 
positiv;your queen cosplay 
neutral;mayb temporari ll dieampcom backbut wasnt announc sdcc like tvd 
neutral;love print got sdcc could went one speedforc 
neutral;think grimm sdcc look like fun 
positiv;someon facebook said decemb here link 
neutral;cool brandabl domain name perfect next vr project sdcc pokemongo 
neutral;post sdcc got panel youtub 
positiv;way treat fan day didnt want debut sdcc 
neutral;deal comic outcast sdcc san diego comic con exclus imag comic book new 
neutral;usual love record panel sdcc reason went hight instead full panel year 
neutral;sdcc reaction video 
neutral;solo panel sdcc got gif tumblr 
neutral;yet gif found facebooktumblr record someon sdcc 
positiv;want say anoth big thank pull togeth sdcc video one handi goto place your awesom 
neutral;mango total need watch sdcc panel fuck amaz oh god 
neutral;ok im go share someth weird actual suspicion stream sdcc think mari might 
neutral;part show sdcc 
negativ;sdcc scare theyr manufactur thing hate cast wasnt sad would funni 
neutral;ladi think first justiceleagu trailer releas sdcc 
positiv;thank buddi appreci much man glad good time sdcc 
neutral;talk 
neutral;justiceleagu special sandiegocomiccon footag sdcc 
neutral;kongskullisland offici sandiegocomiccon trailer sdcc 
neutral;wonderwoman sandiegocomiccon trailer sdcc 
neutral;love luci elijah wood ashvsevildead sdcc 
positiv;keep steven univers sdcc panel repeat music beauti 
neutral;speak sdcc movi reveal wonderwoman brought knife gun fight amp still kick major butt 
neutral;share insight supernatur rare serious answer sdcc 
neutral;subt refer spiderman secondti marvel studio hero sdcc recap aint wrong 
positiv;
neutral;spoiler petyr baelish cosplay sdcc via rgameofthron gameofthron 
neutral;spoiler petyr baelish cosplay sdcc 
neutral;photo philip glenist wrenn schmidt siriusxm interview sdcc 
positiv;photograph cosplay pictur sdcc d 
neutral;self sdcc pic mandalorian bounti hunter 
neutral;seriesonday panel de magician sdcc 
neutral;video watch cast enjoy booth sdcc outcast 
neutral;sdcc hasbro gi joe product booth imag action figur toy news via 
neutral;reveal thewalkingdead panel sdcc 
negativ;giant monster johngoodman believ director hit 
positiv;ador littl regina cute 
positiv;drive away fan gain new one w fanboy pander ao last resort sex 
neutral;sdcc sat back amp figur ive lateadopt coolest tv show ever startrek thewir gameofthron got 
neutral;agentsofshield cast sdcc 
neutral;sdcc movi trailer movi news 
neutral;awesom announc mightv miss sdcc weekend relat articl 
negativ;postsdcc sw news either shit that shit sometim 
neutral;sdcc feel homg 
positiv;amaz work 
neutral;andrewlincoln jeffreydeanmorgan stevenyeun normanreedus amp filmmak kevin smith imdb exclus sdcc 
neutral;anim aulti 
neutral;anybodi got ftwd twd lanyard sdcc wan na send throw 
neutral;anyon got feartwd twd lanyard sdcc wan na send throw 
positiv;yr old idol sir keaton cape amp find love albeit diff garb 
positiv;hope precursor proper articl here sdcc trailer 
negativ;least arent litterng career path rubbish integr creativ 
neutral;sdcc two differ produc said next year want yacht year ago comic publish said time chang 
positiv;aw melani dom damn cute 
neutral;awesom pic 
neutral;awesom 
neutral;beach war tee stormtroop starwar rogueon summer beach sdcc 
neutral;beauti theorigin sdcc 
neutral;beb ok havent seen post twit sdcc 
neutral;benedict cumberbatch interview sdcc et canada 
neutral;best toy sdcc comic con marvel aveng cell phone credit card money holder set gift 
neutral;boy like let get acquainteddo wait 
neutral;like gag reel shown sdcc preview aw short 
neutral;cant wait suicidesquad sdcc 
positiv;cant wait 
neutral;couldnt make sddc dave got cover 
positiv;cure hump day blue recap sdcc ampamp top movi villain podernfamili gtgt 
neutral;cuti tvdforev sdcc 
positiv;d sdcc week apart next year rip 
positiv;damn 
neutral;daniel gilli interview origin season sdcc theorigin 
neutral;dave nerd compendium talk biggest comic con year sdcc podcast podbro comiccon 
positiv;dcwb pretti much won sdcc 
neutral;definit greatest shot sdcc suicidesquad trailer thejok harleyquinn best 
positiv;one us bless mani differ way thank sdcc 
neutral;everi time tri say im done collect toy new awesom toy announc 
neutral;fan savefatnfuri sdcc 
positiv;fav tvdforev sdcc 
neutral;fiction vers step cybervers publish sdcc plnws 
positiv;fight club action doll da blitzwat sdcc 
neutral;final sdcc cosplay galleri via 
neutral;final chanc catch sdcc news flash look awesom cyborg kinda offput aquaman total badass 
neutral;find cast feartwd want charact go sdcc 
neutral;first kong skull island trailer land comiccon tomhiddleston brielarson sdcc 
positiv;follow cosplay deadpool comic con sdcc san diego comic con san diego comic con lit 
neutral;arrow walk dead everi tv movi trailer drop sdcc 
neutral;funkopop funko pop sdcc dc flash tv seri flash unmask rare 
neutral;funkopop funko pop sdcc marvel collector corp hobgoblin year one box exclus 
neutral;grantgust brother profession photograph work wb sdcc 
neutral;guardiansofthegalaxyvol comic con trailer breakdown sdcc 
positiv;happyhumpday optimist say yes yes dont stop manhug tomhiddleston zacharylevi sdcc hcjl d 
neutral;haramb tribut movi 
negativ;listen week podcast sdcc recap ep live trailerpark nwgls podernfamili 
neutral;vote favorit trailer sdcc hrs left poll marvel dc movi 
positiv;big 
neutral;univers fashion show marvel wall game throne amp sdcc via 
positiv;hes talk hall h public mayb tbh fan won sdcc amaz 
positiv;hi huge fan cr saw guy sdcc im travel nycc year hope u guy go 
neutral;hot damn tvdforev sdcc 
neutral;acquir pet name proxi wigwednesday sdcc lolita steampunk gothiclolitawig glw drabbit dragon 
positiv;ad video playlist sdcc recap 
positiv;ad video playlist sdcc supernatur cast jensen ackl facebook livestream misha 
positiv;ad video playlist sdcc supernatur cast misha collin facebook livestream 
positiv;ad video playlist supernatur season gag reel sdcc 
positiv;ad video playlist supernatur season teaser soon sdcc 
neutral;disagre bring back mark pellegrino pleas 
positiv;think one cw produc ever gave idea good feel 
neutral;wasnt want shi bad 
neutral;idw announc misfit seri spin jem hologram sdcc 
positiv;anyon pic sdcc either eric alex p 
neutral;your bore let play wait 
negativ;youv read alreadi watch one funniest court transcript ever read 
neutral;ill jump cliff isnt talk bellark 
neutral;im tad emot right tvdforev sdcc 
neutral;im batman cant wait new movi 
negativ;im 
neutral;im love 
neutral;im readi year time jump theorigin sdcc 
negativ;im tote jelli 
neutral;im watch favorit sdcc panel 
neutral;instavid taylor publicist roger amp cowan sdcc 
neutral;canadian american 
positiv;idiot emot entir sdcc wish happi birthday hes happi bc shes happi 
negativ;would happen either wayit suck happen 
neutral;time week spartan 
neutral;time new dnc cover sdcc podernfamili podbro podcast nerd geek 
neutral;ive watch gif mani time 
positiv;j scott campbel littl red ride hood sdcc signatur edit print 
positiv;kong island trailer kinda cool curious see 
positiv;kong skull island trailer p flac ac kongskullisland sdcc 
neutral;last chanc sdcc summer convent exclus patriot peanut snoopi funko pop sdcc charliebrown 
neutral;lego ironman amp captain america brickheadz sdcc set unbox build time laps review via 
neutral;like youtub south park sdcc trump return 
neutral;live periscop im nigga turnt earli sdcc rncincl easteregg birthday 
neutral;liveact ragman wow amp thought life complet saw anim aztek jlu dccomic 
neutral;londoncallingsigh benedict cumberbatch sdcc via 
neutral;look 
neutral;look like nail vietnam vibe warnerbroth kongskullisland legendarypictur 
neutral;loool got panel sdcc even pathet last year bunch support charact get much screen time 
positiv;love samuraijack 
positiv;love cosplay deadpool comic con sdcc san diego comic con san diego comic con lit 
neutral;marvel deliv yet year sdcc nice reveal second trailer doctor strang 
neutral;marvel vs dc sdcc here need know wednesdaywisdom 
neutral;marvel agent shield season teaser sdcc 
neutral;marvel iron fist sdcc first look netflix hd via 
neutral;parent 
positiv;miss last week sdcc rodcast read summari gearsofwar 
positiv;miss news sdcc wynonnaearp renew nd season 
neutral;love matt key doctor strang trailer breakdown sdcc recap marvel movi ne via 
neutral;motu princ adam sdcc comiccon exclus loyal subject 
neutral;mr robot vr experi debut sdcc mrrobot via 
positiv;favorit 
neutral;note justic leagu sdcc firstlook trailer reactionreview 
neutral;nathan fillion sdcc 
neutral;new episod nerd porn live episod san diego comic con sdcc stranger thing soundcloud 
neutral;new hobi ep right talk cloverfieldlan amp news sdcc sdcc dcu 
neutral;new podcast full sdcc roundup thought wonder woman jl doctor strang 
neutral;new poster agentsofshield sdcc 
neutral;new stock come soon walk dead burn walker sdcc 
neutral;new trend gif via giphi gif 
neutral;order sdcc exclus pop refresh email time check ship cant wait arriv 
neutral;origin court script recit rick amp morti sdcc sligth nsfw script 
neutral;ouat cast sdcc 
neutral;breakdown analysi thewalkingdead season sdcc trailer 
neutral;panel de magician sdcc 
neutral;panel de time time sdcc 
neutral;photo time sdcc 
neutral;pinback bobbl funko pop sdcc big bang theori sheldon cooper batman tshirt comic con store mall 
neutral;pinback bobbl sdcc exclus funko pop batman vs superman fals god 
neutral;pinback bobbl sdcc funko pop suicid squad batman exclus store mall 
neutral;pin movi sdcc movi trailer ttdd 
neutral;pop star war episod vii han solo bowcast sdcc exclus collect price eta 
neutral;promis must com back tv seri 
neutral;rare new hot sdcc comic con exclus shopkin jessicak golden shoppi 
neutral;read teenag comment spn cast interview sdcc like 
negativ;rewind sdcc americangod take us storm 
neutral;rickandmorti recreat america bonker court transcript sdcc 
neutral;roundup sdcc mcu marvel sdcc 
positiv;
positiv;
neutral;samurai jack poster reveal sdcc via 
neutral;saya suka video marvel luke cage sdcc teaser netflix hd 
neutral;sdcc recap sdcc 
neutral;sdcc comic con exclus shopkin shoppi jessicak gold extrem rare 
neutral;sdcc comic con exclus shopkin shoppi jessicak gold extrem rare bidsend date 
neutral;sdcc exclus bandai power ranger red ranger legaci collect figur 
neutral;sdcc exclus hasbro marvel legend seri raft boxset spiderman 
neutral;sdcc exclus mattel monster high ghostbust franki stein doll 
neutral;sdcc exclus motu mark taylor pofolio limit edit heman 
neutral;sdcc dcs legend tomorrow first look trailer amp panel via news break 
neutral;sdcc john semper talk cyborg movi movienew comicbook 
neutral;sdcc king arthur legend sword trailer unveil charliehunnam kingarthur 
neutral;sdcc upon time bring aladdin charact whole new world 
neutral;sdcc grant gustin wore flash tshirt ezra miller wore flash snapback love 
neutral;sdcc giveaway enter 
neutral;sdcc haul broli exclus batman toy rd amp 
neutral;sdcc definit bucket list jealous everyon went year 
neutral;sdcc like huge gift box new season trailer faith geek realiz 
neutral;sdcc mosquito beaten despit antihistamin look like allerg reaction happen anyway ah well doctor 
neutral;sdcc muppet figur super beaker san diego comic con exclus seal 
neutral;sdcc pic courtesi nerdpic 
positiv;sdcc pokemon th anniversari ash amp pikachu figur set sdcc comic con exclus 
neutral;sdcc diamond select toy 
neutral;sdcc trailer lego batman movi batman 
neutral;sdcc lightsoutmovi cast interview 
neutral;see wonder woman movi trailer releas comiccon sdcc sdcc 
neutral;flawless ouat sdcc 
neutral;happi tater tot sdcc im cri 
neutral;sherlock sdcc panel 
neutral;shutterstocknow flash sstk portrait studio sdcc shutterstocknow 
neutral;sign tabl ouat sdcc 
neutral;awesom craftmenship costum sdcc 
neutral;ive watch sdcc panel favorit show straight day big deal 
neutral;thing never chang sdcc sdcc 
neutral;someon need aggreg vr comiccon pleas point global domin sdcc 
neutral;south park sdcc pc princip languag polic 
neutral;south park sdcc pokemon go 
neutral;south park sdcc pokemon go treypark 
neutral;star war annoy orang sdcc exclus fan boy talk rare funni joke 
neutral;starwar sdcc hasbro star war black seri kylo ren forc awaken exclus buzz 
neutral;starwar star war black kylo ren unmask sdcc exclus action figur set hasbro buzz 
positiv;great saturday stay tune youtub video 
neutral;suicid squad cast sign poster sdcc comic con exclus rare limit 
neutral;suicidesquad edg vr use finland ozo creat content preview sdcc 
neutral;supernatur gag reel season sdcc comiccon yay 
positiv;supernatur hall h panel sdcc 
neutral;supernatur season gag reel spn sdcc sdcc nerdhq mishacollin jensenackl jaredpadalecki 
neutral;take black podcast everyth game throne sdcc via 
negativ;tentat hype im sure univers screw make bruce one ugli tho 
negativ;tfw cant find singl one impress stack busi card given sdcc 
positiv;littl gay actor would good transit bradley chelsea man 
neutral;latest mana junki daili thank saultnew sdcc 
neutral;latest twilight italian mom daili demsinphilli sdcc 
positiv;latest wearegeek week thank sdcc demsinphilli 
neutral;latest urban edg mag sdcc ewcomiccon 
negativ;oper teach sherlock logic taught perfect world xd 
neutral;prime direct reboot stori via sdcc edfring 
neutral;walk dead panel sdcc full fun glitter evil twin name karen 
neutral;wu danc josswhedon nerdhq sdcc 
neutral;cast sdcc 
positiv;girl b kill sdcc httpstcojszqyu 
neutral;theorigin cast sdcc 
neutral;olli moss star war card sdcc exclus 
positiv;
positiv;liter hug like second kinda real life sister 
positiv;theyr ador cri 
neutral;theyr gorgeous im gon na cri tvdforev sdcc 
neutral;brilliant inspir collector interest photographi sdcc sdcc starwar 
positiv;one favorit artist work today roger 
positiv;cool 
negativ;thought measli minut 
neutral;sdcc photo im cri 
neutral;week bigpap look back sdcc 
neutral;week podcast cover new trailer sdcc comic book film independ comic featur 
positiv;tmnt sh figuart da tamashii nation al sdcc 
neutral;top sdcc stori kong skull island comiccon trailer see 
neutral;trailer announc cast oh sdcc via 
positiv;true love 
neutral;tvdforev sdcc male cast 
neutral;unbox sdcc arcad edit tmnt action figur 
neutral;uproxx rickandmorti recreat america bonker court transcript sdcc 
neutral;via giphi new internet art 
neutral;video supergirl tyler hoechlin sdcc 
neutral;vlogcast blairwitch sdcc trailer reaction hast go busi 
neutral;want win sdcc surpriz pack giveaway enter win 
positiv;want want want 
neutral;watch wynonnaearp stuff sdcc make realli miss xena con amp xenit geek amp gay amp lot beer drink hot tub 
neutral;idol littl crazi benedictcumberbatch sdcc 
neutral;ask dusti ass movi 
neutral;king ezekiel tiger thewalkingdead sdcc season trailer 
negativ;whouaaa terribl 
neutral;wizard hero villain lego movi trailer shown sdcc 
positiv;wonder way start day 
positiv;wow ever seen majest duo 
positiv;yep actual pretti obvious look lot fan reaction 
neutral;yes im live 
positiv;yes pleas 
positiv;incred 
